{
  "project_info": {
    "project_number": "1097656789018",
    "firebase_url": "https://nightprogramers.firebaseio.com",
    "project_id": "nightprogramers",
    "storage_bucket": "nightprogramers.appspot.com"
  },
  "client": [
    {
      "client_info": {
        "mobilesdk_app_id": "1:1097656789018:android:03a74bece35fb4efda49a3",
        "android_client_info": {
          "package_name": "com.example.nightprogramers"
        }
      },
      "oauth_client": [
        {
          "client_id": "1097656789018-o5ob3277qtqit9hr1e0a0knepeev5but.apps.googleusercontent.com",
          "client_type": 3
        }
      ],
      "api_key": [
        {
          "current_key": "AIzaSyDJc-VdWC97K4Kg5UB_R8FUgW8M6w_N0nQ"
        }
      ],
      "services": {
        "appinvite_service": {
          "other_platform_oauth_client": [
            {
              "client_id": "1097656789018-o5ob3277qtqit9hr1e0a0knepeev5but.apps.googleusercontent.com",
              "client_type": 3
            }
          ]
        }
      }
    }
  ],
  "configuration_version": "1"
}