[{
	"_id": 201,
	"sexo": "Female",
	"edad": 100,
	"nombre": "Borg Elderton",
	"fecha": 1.608111503401E+12
},
{
	"_id": 202,
	"sexo": "Female",
	"edad": 60,
	"nombre": "Bret P_idon",
	"fecha": 1.608111503401E+12
},
{
	"_id": 203,
	"sexo": "Male",
	"edad": 38,
	"nombre": "Borg Janc",
	"fecha": 1.608111503401E+12
},
{
	"_id": 204,
	"sexo": "Male",
	"edad": 74,
	"nombre": "Arnuad Meert",
	"fecha": 1.608111503401E+12
},
{
	"_id": 205,
	"sexo": "Female",
	"edad": 45,
	"nombre": "Durante Climson",
	"fecha": 1.608111503401E+12
},
{
	"_id": 206,
	"sexo": "Male",
	"edad": 57,
	"nombre": "Bertie Skynner",
	"fecha": 1.608111503401E+12
},
{
	"_id": 207,
	"sexo": "Male",
	"edad": 92,
	"nombre": "Helene De la Perrelle",
	"fecha": 1.608111503401E+12
},
{
	"_id": 208,
	"sexo": "Female",
	"edad": 96,
	"nombre": "Letizia Fruin",
	"fecha": 1.608111503401E+12
},
{
	"_id": 209,
	"sexo": "Male",
	"edad": 89,
	"nombre": "Lezley Woodyatt",
	"fecha": 1.608111503401E+12
},
{
	"_id": 210,
	"sexo": "Female",
	"edad": 33,
	"nombre": "Poppy Mettetal",
	"fecha": 1.608111503401E+12
},
{
	"_id": 211,
	"sexo": "Female",
	"edad": 47,
	"nombre": "Johnette Selwyne",
	"fecha": 1.608111503401E+12
},
{
	"_id": 212,
	"sexo": "Female",
	"edad": 53,
	"nombre": "Vivianna Sadat",
	"fecha": 1.608111503401E+12
},
{
	"_id": 213,
	"sexo": "Male",
	"edad": 16,
	"nombre": "Shalne Gilhouley",
	"fecha": 1.608111503401E+12
},
{
	"_id": 214,
	"sexo": "Male",
	"edad": 92,
	"nombre": "Maggy R_idulfo",
	"fecha": 1.608111503401E+12
},
{
	"_id": 215,
	"sexo": "Male",
	"edad": 67,
	"nombre": "Emmie Savatier",
	"fecha": 1.608111503401E+12
},
{
	"_id": 216,
	"sexo": "Male",
	"edad": 85,
	"nombre": "Antonina Giroldi",
	"fecha": 1.608111503401E+12
},
{
	"_id": 217,
	"sexo": "Female",
	"edad": 80,
	"nombre": "Sheela Devigne",
	"fecha": 1.608111503401E+12
},
{
	"_id": 218,
	"sexo": "Male",
	"edad": 98,
	"nombre": "Leyla Dingwall",
	"fecha": 1.608111503401E+12
},
{
	"_id": 219,
	"sexo": "Male",
	"edad": 53,
	"nombre": "Ignacio Collcutt",
	"fecha": 1.608111503401E+12
},
{
	"_id": 220,
	"sexo": "Female",
	"edad": 44,
	"nombre": "Samara Garfitt",
	"fecha": 1.608111503401E+12
},
{
	"_id": 221,
	"sexo": "Female",
	"edad": 71,
	"nombre": "Effie Basey",
	"fecha": 1.608111503401E+12
},
{
	"_id": 222,
	"sexo": "Male",
	"edad": 47,
	"nombre": "Ritchie Danielczyk",
	"fecha": 1.608111503401E+12
},
{
	"_id": 223,
	"sexo": "Male",
	"edad": 22,
	"nombre": "Griffie Pell",
	"fecha": 1.608111503401E+12
},
{
	"_id": 224,
	"sexo": "Male",
	"edad": 31,
	"nombre": "Noach Magauran",
	"fecha": 1.608111503401E+12
},
{
	"_id": 225,
	"sexo": "Male",
	"edad": 27,
	"nombre": "Florie Saph",
	"fecha": 1.608111503401E+12
},
{
	"_id": 226,
	"sexo": "Male",
	"edad": 80,
	"nombre": "Linc Nelligan",
	"fecha": 1.608111503401E+12
},
{
	"_id": 227,
	"sexo": "Female",
	"edad": 38,
	"nombre": "Drake Burgoyne",
	"fecha": 1.608111503401E+12
},
{
	"_id": 228,
	"sexo": "Female",
	"edad": 35,
	"nombre": "Patsy Egle",
	"fecha": 1.608111503401E+12
},
{
	"_id": 229,
	"sexo": "Male",
	"edad": 99,
	"nombre": "Dallas Fiorentino",
	"fecha": 1.608111503401E+12
},
{
	"_id": 230,
	"sexo": "Male",
	"edad": 34,
	"nombre": "Tobye Detloff",
	"fecha": 1.608111503401E+12
},
{
	"_id": 231,
	"sexo": "Male",
	"edad": 27,
	"nombre": "Kelley Haddrill",
	"fecha": 1.608111503401E+12
},
{
	"_id": 232,
	"sexo": "Female",
	"edad": 19,
	"nombre": "Coraline Gemmill",
	"fecha": 1.608111503401E+12
},
{
	"_id": 233,
	"sexo": "Male",
	"edad": 61,
	"nombre": "Siegfried Di Giacomo",
	"fecha": 1.608111503401E+12
},
{
	"_id": 234,
	"sexo": "Male",
	"edad": 25,
	"nombre": "Francois MacKaig",
	"fecha": 1.608111503401E+12
},
{
	"_id": 235,
	"sexo": "Female",
	"edad": 34,
	"nombre": "Durward Licciardello",
	"fecha": 1.608111503401E+12
},
{
	"_id": 236,
	"sexo": "Female",
	"edad": 30,
	"nombre": "Brit Butler-Bowdon",
	"fecha": 1.608111503401E+12
},
{
	"_id": 237,
	"sexo": "Female",
	"edad": 56,
	"nombre": "Francklyn Addicote",
	"fecha": 1.608111503401E+12
},
{
	"_id": 238,
	"sexo": "Female",
	"edad": 84,
	"nombre": "Paten Caen",
	"fecha": 1.608111503401E+12
},
{
	"_id": 239,
	"sexo": "Female",
	"edad": 98,
	"nombre": "Charmane Glanester",
	"fecha": 1.608111503401E+12
},
{
	"_id": 240,
	"sexo": "Male",
	"edad": 18,
	"nombre": "Di McFetr_idge",
	"fecha": 1.608111503401E+12
},
{
	"_id": 241,
	"sexo": "Male",
	"edad": 41,
	"nombre": "Hank Blankett",
	"fecha": 1.608111503401E+12
},
{
	"_id": 242,
	"sexo": "Female",
	"edad": 47,
	"nombre": "Maryellen Kerwin",
	"fecha": 1.608111503401E+12
},
{
	"_id": 243,
	"sexo": "Female",
	"edad": 23,
	"nombre": "Aurelie Bartelet",
	"fecha": 1.608111503401E+12
},
{
	"_id": 244,
	"sexo": "Female",
	"edad": 64,
	"nombre": "Hayyim Holstein",
	"fecha": 1.608111503401E+12
},
{
	"_id": 245,
	"sexo": "Male",
	"edad": 40,
	"nombre": "Maurice Crichley",
	"fecha": 1.608111503401E+12
},
{
	"_id": 246,
	"sexo": "Male",
	"edad": 36,
	"nombre": "Edy Mc Trusty",
	"fecha": 1.608111503401E+12
},
{
	"_id": 247,
	"sexo": "Female",
	"edad": 91,
	"nombre": "Philippe Pabelik",
	"fecha": 1.608111503401E+12
},
{
	"_id": 248,
	"sexo": "Female",
	"edad": 60,
	"nombre": "Ethelda Andrzej",
	"fecha": 1.608111503401E+12
},
{
	"_id": 249,
	"sexo": "Male",
	"edad": 20,
	"nombre": "Boycey Nacey",
	"fecha": 1.608111503401E+12
},
{
	"_id": 250,
	"sexo": "Female",
	"edad": 83,
	"nombre": "Harriot Heining",
	"fecha": 1.608111503401E+12
},
{
	"_id": 251,
	"sexo": "Male",
	"edad": 18,
	"nombre": "Margit Maas",
	"fecha": 1.608111503401E+12
},
{
	"_id": 252,
	"sexo": "Male",
	"edad": 59,
	"nombre": "Hermione Christof_ides",
	"fecha": 1.608111503401E+12
},
{
	"_id": 253,
	"sexo": "Male",
	"edad": 83,
	"nombre": "Meade Weddup",
	"fecha": 1.608111503401E+12
},
{
	"_id": 254,
	"sexo": "Female",
	"edad": 94,
	"nombre": "Odessa Jecks",
	"fecha": 1.608111503401E+12
},
{
	"_id": 255,
	"sexo": "Female",
	"edad": 29,
	"nombre": "Bea Drews",
	"fecha": 1.608111503401E+12
},
{
	"_id": 256,
	"sexo": "Male",
	"edad": 97,
	"nombre": "Nelli Carnoghan",
	"fecha": 1.608111503401E+12
},
{
	"_id": 257,
	"sexo": "Male",
	"edad": 23,
	"nombre": "Charlean Keneleys_ide",
	"fecha": 1.608111503401E+12
},
{
	"_id": 258,
	"sexo": "Female",
	"edad": 23,
	"nombre": "Lyn Lghan",
	"fecha": 1.608111503401E+12
},
{
	"_id": 259,
	"sexo": "Male",
	"edad": 93,
	"nombre": "Janette Augustin",
	"fecha": 1.608111503401E+12
},
{
	"_id": 260,
	"sexo": "Female",
	"edad": 84,
	"nombre": "Rayner _idill",
	"fecha": 1.608111503401E+12
},
{
	"_id": 261,
	"sexo": "Male",
	"edad": 34,
	"nombre": "Harcourt Broady",
	"fecha": 1.608111503401E+12
},
{
	"_id": 262,
	"sexo": "Female",
	"edad": 90,
	"nombre": "Aura Hawkins",
	"fecha": 1.608111503401E+12
},
{
	"_id": 263,
	"sexo": "Male",
	"edad": 61,
	"nombre": "Rodrique Parrott",
	"fecha": 1.608111503401E+12
},
{
	"_id": 264,
	"sexo": "Male",
	"edad": 76,
	"nombre": "Ricki Calyton",
	"fecha": 1.608111503401E+12
},
{
	"_id": 265,
	"sexo": "Male",
	"edad": 29,
	"nombre": "Riva Gerretsen",
	"fecha": 1.608111503401E+12
},
{
	"_id": 266,
	"sexo": "Female",
	"edad": 40,
	"nombre": "Maisey Cicullo",
	"fecha": 1.608111503401E+12
},
{
	"_id": 267,
	"sexo": "Male",
	"edad": 22,
	"nombre": "Craig Dabnor",
	"fecha": 1.608111503401E+12
},
{
	"_id": 268,
	"sexo": "Male",
	"edad": 21,
	"nombre": "Clarke Garr",
	"fecha": 1.608111503401E+12
},
{
	"_id": 269,
	"sexo": "Male",
	"edad": 60,
	"nombre": "Othella Speaks",
	"fecha": 1.608111503401E+12
},
{
	"_id": 270,
	"sexo": "Female",
	"edad": 22,
	"nombre": "Belia Simek",
	"fecha": 1.608111503401E+12
},
{
	"_id": 271,
	"sexo": "Female",
	"edad": 49,
	"nombre": "Cherise Fullegar",
	"fecha": 1.608111503401E+12
},
{
	"_id": 272,
	"sexo": "Male",
	"edad": 42,
	"nombre": "Jo Abbison",
	"fecha": 1.608111503401E+12
},
{
	"_id": 273,
	"sexo": "Male",
	"edad": 92,
	"nombre": "Olympie Saffrin",
	"fecha": 1.608111503401E+12
},
{
	"_id": 274,
	"sexo": "Male",
	"edad": 49,
	"nombre": "Warde Kingswoode",
	"fecha": 1.608111503401E+12
},
{
	"_id": 275,
	"sexo": "Female",
	"edad": 98,
	"nombre": "Waldo Varnam",
	"fecha": 1.608111503401E+12
},
{
	"_id": 276,
	"sexo": "Male",
	"edad": 72,
	"nombre": "Immanuel Stranks",
	"fecha": 1.608111503401E+12
},
{
	"_id": 277,
	"sexo": "Female",
	"edad": 41,
	"nombre": "Rodina Ashfold",
	"fecha": 1.608111503401E+12
},
{
	"_id": 278,
	"sexo": "Female",
	"edad": 52,
	"nombre": "Tanney Vernazza",
	"fecha": 1.608111503401E+12
},
{
	"_id": 279,
	"sexo": "Male",
	"edad": 58,
	"nombre": "Mitchell Woolmington",
	"fecha": 1.608111503401E+12
},
{
	"_id": 280,
	"sexo": "Female",
	"edad": 29,
	"nombre": "Anson Sandes",
	"fecha": 1.608111503401E+12
},
{
	"_id": 281,
	"sexo": "Male",
	"edad": 93,
	"nombre": "Lacee Fancott",
	"fecha": 1.608111503401E+12
},
{
	"_id": 282,
	"sexo": "Female",
	"edad": 53,
	"nombre": "Raychel O'Doherty",
	"fecha": 1.608111503401E+12
},
{
	"_id": 283,
	"sexo": "Male",
	"edad": 53,
	"nombre": "Brett Rowbottam",
	"fecha": 1.608111503401E+12
},
{
	"_id": 284,
	"sexo": "Female",
	"edad": 73,
	"nombre": "Olympe Lebbern",
	"fecha": 1.608111503401E+12
},
{
	"_id": 285,
	"sexo": "Female",
	"edad": 76,
	"nombre": "Katrine Elverstone",
	"fecha": 1.608111503401E+12
},
{
	"_id": 286,
	"sexo": "Male",
	"edad": 17,
	"nombre": "Goldina Behnen",
	"fecha": 1.608111503401E+12
},
{
	"_id": 287,
	"sexo": "Female",
	"edad": 66,
	"nombre": "Rochelle Courcey",
	"fecha": 1.608111503401E+12
},
{
	"_id": 288,
	"sexo": "Male",
	"edad": 43,
	"nombre": "Abramo Adair",
	"fecha": 1.608111503401E+12
},
{
	"_id": 289,
	"sexo": "Male",
	"edad": 98,
	"nombre": "Jacquelin McGlone",
	"fecha": 1.608111503401E+12
},
{
	"_id": 290,
	"sexo": "Female",
	"edad": 90,
	"nombre": "Jillana Trudgeon",
	"fecha": 1.608111503401E+12
},
{
	"_id": 291,
	"sexo": "Female",
	"edad": 46,
	"nombre": "Alfi Reville",
	"fecha": 1.608111503401E+12
},
{
	"_id": 292,
	"sexo": "Female",
	"edad": 52,
	"nombre": "Doloritas Hughson",
	"fecha": 1.608111503401E+12
},
{
	"_id": 293,
	"sexo": "Male",
	"edad": 65,
	"nombre": "Rosie Surgeoner",
	"fecha": 1.608111503401E+12
},
{
	"_id": 294,
	"sexo": "Male",
	"edad": 25,
	"nombre": "Persis Abbatt",
	"fecha": 1.608111503401E+12
},
{
	"_id": 295,
	"sexo": "Male",
	"edad": 64,
	"nombre": "Barbie Lutty",
	"fecha": 1.608111503401E+12
},
{
	"_id": 296,
	"sexo": "Male",
	"edad": 58,
	"nombre": "Morganica Seger",
	"fecha": 1.608111503401E+12
},
{
	"_id": 297,
	"sexo": "Male",
	"edad": 81,
	"nombre": "Conan McCormack",
	"fecha": 1.608111503401E+12
},
{
	"_id": 298,
	"sexo": "Female",
	"edad": 24,
	"nombre": "Eva Hedgeley",
	"fecha": 1.608111503401E+12
},
{
	"_id": 299,
	"sexo": "Male",
	"edad": 69,
	"nombre": "Rodolph Pavia",
	"fecha": 1.608111503401E+12
},
{
	"_id": 300,
	"sexo": "Female",
	"edad": 54,
	"nombre": "Cathee Quoit",
	"fecha": 1.608111503401E+12
}]

