[{"_id":1,"sexo":"Female","edad":88,"nombre":"Shela McLarens"},
{"_id":2,"sexo":"Female","edad":57,"nombre":"Brandy Crosston"},
{"_id":3,"sexo":"Male","edad":82,"nombre":"Marlow Lerner"},
{"_id":4,"sexo":"Male","edad":52,"nombre":"Jimmie Iorio"},
{"_id":5,"sexo":"Male","edad":100,"nombre":"Theresita Oseman"},
{"_id":6,"sexo":"Female","edad":38,"nombre":"Mick Conring"},
{"_id":7,"sexo":"Female","edad":95,"nombre":"Malcolm Habershon"},
{"_id":8,"sexo":"Male","edad":75,"nombre":"Cass Questier"},
{"_id":9,"sexo":"Male","edad":28,"nombre":"Marjy Jimeno"},
{"_id":10,"sexo":"Male","edad":61,"nombre":"Elaina Menat"},
{"_id":11,"sexo":"Male","edad":20,"nombre":"Antons Dymock"},
{"_id":12,"sexo":"Male","edad":69,"nombre":"Hazel Lambricht"},
{"_id":13,"sexo":"Male","edad":70,"nombre":"Chip Tozer"},
{"_id":14,"sexo":"Female","edad":64,"nombre":"Hendrika Kliemann"},
{"_id":15,"sexo":"Male","edad":78,"nombre":"Clea Surpliss"},
{"_id":16,"sexo":"Female","edad":82,"nombre":"Kiley todor"},
{"_id":17,"sexo":"Male","edad":17,"nombre":"Bear Quarterman"},
{"_id":18,"sexo":"Female","edad":17,"nombre":"Evangelin O'Fihillie"},
{"_id":19,"sexo":"Female","edad":24,"nombre":"Persis Aberkirdo"},
{"_id":20,"sexo":"Female","edad":76,"nombre":"Ardene Gallihawk"},
{"_id":21,"sexo":"Female","edad":99,"nombre":"Jobi Wallage"},
{"_id":22,"sexo":"Male","edad":87,"nombre":"Brendan Cluett"},
{"_id":23,"sexo":"Male","edad":79,"nombre":"Benni Kimbling"},
{"_id":24,"sexo":"Male","edad":59,"nombre":"Joye Adolphine"},
{"_id":25,"sexo":"Male","edad":76,"nombre":"Kendricks W_idmore"},
{"_id":26,"sexo":"Male","edad":16,"nombre":"Minda Edelston"},
{"_id":27,"sexo":"Male","edad":45,"nombre":"Sanderson Oswald"},
{"_id":28,"sexo":"Male","edad":31,"nombre":"Tymothy Millwater"},
{"_id":29,"sexo":"Male","edad":21,"nombre":"Rudolfo Cronk"},
{"_id":30,"sexo":"Male","edad":93,"nombre":"Laryssa Miguel"},
{"_id":31,"sexo":"Male","edad":40,"nombre":"Caril Demangeot"},
{"_id":32,"sexo":"Female","edad":68,"nombre":"Piotr Shinn"},
{"_id":33,"sexo":"Female","edad":80,"nombre":"Teresa R_iddel"},
{"_id":34,"sexo":"Male","edad":45,"nombre":"Corliss Waghorn"},
{"_id":35,"sexo":"Male","edad":82,"nombre":"Aharon Onslow"},
{"_id":36,"sexo":"Male","edad":89,"nombre":"Gan Huncoot"},
{"_id":37,"sexo":"Female","edad":61,"nombre":"Moll Slyvester"},
{"_id":38,"sexo":"Female","edad":26,"nombre":"Marsiella Westmancoat"},
{"_id":39,"sexo":"Male","edad":28,"nombre":"Vanny Trayford"},
{"_id":40,"sexo":"Male","edad":92,"nombre":"Martita Bottoms"},
{"_id":41,"sexo":"Female","edad":26,"nombre":"Willy St. Paul"},
{"_id":42,"sexo":"Male","edad":43,"nombre":"Dario O'Callaghan"},
{"_id":43,"sexo":"Female","edad":43,"nombre":"Yevette Scroggie"},
{"_id":44,"sexo":"Female","edad":22,"nombre":"Dorrie Stothert"},
{"_id":45,"sexo":"Female","edad":71,"nombre":"Libby Purviss"},
{"_id":46,"sexo":"Male","edad":93,"nombre":"Reinaldos Cristofaro"},
{"_id":47,"sexo":"Female","edad":25,"nombre":"Llywellyn Enrdigo"},
{"_id":48,"sexo":"Female","edad":65,"nombre":"Fabien Newberry"},
{"_id":49,"sexo":"Male","edad":15,"nombre":"Rabi Butts"},
{"_id":50,"sexo":"Male","edad":44,"nombre":"Marybelle Wistance"},
{"_id":51,"sexo":"Female","edad":76,"nombre":"Milzie Edelman"},
{"_id":52,"sexo":"Female","edad":75,"nombre":"Paul Gunningham"},
{"_id":53,"sexo":"Male","edad":34,"nombre":"Orly Coldman"},
{"_id":54,"sexo":"Male","edad":15,"nombre":"Dione Crosetti"},
{"_id":55,"sexo":"Female","edad":15,"nombre":"Kiersten Conniam"},
{"_id":56,"sexo":"Female","edad":35,"nombre":"Kareem Conniam"},
{"_id":57,"sexo":"Male","edad":64,"nombre":"Shirlee Bastie"},
{"_id":58,"sexo":"Female","edad":23,"nombre":"Ingmar Denford"},
{"_id":59,"sexo":"Male","edad":79,"nombre":"Marillin Brignall"},
{"_id":60,"sexo":"Female","edad":46,"nombre":"Loralyn Labroue"},
{"_id":61,"sexo":"Male","edad":72,"nombre":"Rudolf Sellner"},
{"_id":62,"sexo":"Male","edad":36,"nombre":"Niko Staniland"},
{"_id":63,"sexo":"Female","edad":64,"nombre":"Blair Townley"},
{"_id":64,"sexo":"Female","edad":44,"nombre":"Slade Frier"},
{"_id":65,"sexo":"Female","edad":21,"nombre":"Lilla Dowdell"},
{"_id":66,"sexo":"Female","edad":92,"nombre":"Esteban O'Loghlen"},
{"_id":67,"sexo":"Female","edad":69,"nombre":"Addie Poskitt"},
{"_id":68,"sexo":"Female","edad":31,"nombre":"D_idi Barnicott"},
{"_id":69,"sexo":"Female","edad":51,"nombre":"Xylia Spellar"},
{"_id":70,"sexo":"Female","edad":61,"nombre":"Ahmad Fauguel"},
{"_id":71,"sexo":"Male","edad":58,"nombre":"Julianna Smitheram"},
{"_id":72,"sexo":"Male","edad":38,"nombre":"Celinda Newcome"},
{"_id":73,"sexo":"Male","edad":34,"nombre":"Theda Phillps"},
{"_id":74,"sexo":"Male","edad":55,"nombre":"Barbara Stammirs"},
{"_id":75,"sexo":"Female","edad":81,"nombre":"Parker Petren"},
{"_id":76,"sexo":"Male","edad":86,"nombre":"Anetta Shute"},
{"_id":77,"sexo":"Male","edad":94,"nombre":"Hally Semonin"},
{"_id":78,"sexo":"Female","edad":68,"nombre":"Leia Malletratt"},
{"_id":79,"sexo":"Male","edad":15,"nombre":"Lynette Kubatsch"},
{"_id":80,"sexo":"Female","edad":78,"nombre":"Tulley Bello"},
{"_id":81,"sexo":"Male","edad":86,"nombre":"Dasi Suckling"},
{"_id":82,"sexo":"Male","edad":79,"nombre":"Trude Talton"},
{"_id":83,"sexo":"Female","edad":26,"nombre":"Emmie Napleton"},
{"_id":84,"sexo":"Male","edad":20,"nombre":"Kayla Kitteman"},
{"_id":85,"sexo":"Male","edad":83,"nombre":"Samuele Sandeman"},
{"_id":86,"sexo":"Female","edad":77,"nombre":"Cherri Maddocks"},
{"_id":87,"sexo":"Female","edad":41,"nombre":"Drucy Ber"},
{"_id":88,"sexo":"Male","edad":40,"nombre":"Jayne Clitsome"},
{"_id":89,"sexo":"Male","edad":76,"nombre":"Hayyim Sprason"},
{"_id":90,"sexo":"Female","edad":50,"nombre":"Hugues Mehew"},
{"_id":91,"sexo":"Male","edad":59,"nombre":"Donny Gwilliams"},
{"_id":92,"sexo":"Female","edad":40,"nombre":"Randene Bromont"},
{"_id":93,"sexo":"Male","edad":47,"nombre":"Malena Oxteby"},
{"_id":94,"sexo":"Male","edad":68,"nombre":"Odetta Lukash"},
{"_id":95,"sexo":"Male","edad":45,"nombre":"Armstrong Speachley"},
{"_id":96,"sexo":"Female","edad":42,"nombre":"Rosalie L_iddy"},
{"_id":97,"sexo":"Male","edad":66,"nombre":"Emmott Caudell"},
{"_id":98,"sexo":"Female","edad":96,"nombre":"Gardie Farrall"},
{"_id":99,"sexo":"Male","edad":28,"nombre":"Pancho Dudson"},
{"_id":100,"sexo":"Female","edad":100,"nombre":"Lane Yekel"},
{"_id":101,"sexo":"Female","edad":40,"nombre":"Winifred Fantin"},
{"_id":102,"sexo":"Male","edad":100,"nombre":"Terrence Keme"},
{"_id":103,"sexo":"Male","edad":43,"nombre":"Brittany Goucher"},
{"_id":104,"sexo":"Male","edad":71,"nombre":"Debor Storrs"},
{"_id":105,"sexo":"Female","edad":78,"nombre":"Clemmie Eamer"},
{"_id":106,"sexo":"Female","edad":99,"nombre":"Chip Drury"},
{"_id":107,"sexo":"Female","edad":76,"nombre":"Engracia Coggon"},
{"_id":108,"sexo":"Male","edad":80,"nombre":"Tanny Boyett"},
{"_id":109,"sexo":"Female","edad":68,"nombre":"Muffin Mosley"},
{"_id":110,"sexo":"Female","edad":83,"nombre":"Marie-jeanne Hauger"},
{"_id":111,"sexo":"Female","edad":68,"nombre":"Benjamin Skehens"},
{"_id":112,"sexo":"Male","edad":84,"nombre":"Valentino Arl_idge"},
{"_id":113,"sexo":"Female","edad":26,"nombre":"Tod Upston"},
{"_id":114,"sexo":"Male","edad":33,"nombre":"Myrna Beames"},
{"_id":115,"sexo":"Male","edad":45,"nombre":"Darci Paggitt"},
{"_id":116,"sexo":"Male","edad":66,"nombre":"Salomone Trippett"},
{"_id":117,"sexo":"Male","edad":75,"nombre":"Harli Gryglewski"},
{"_id":118,"sexo":"Female","edad":58,"nombre":"Karole O'Reilly"},
{"_id":119,"sexo":"Male","edad":41,"nombre":"Pattie Pash"},
{"_id":120,"sexo":"Female","edad":28,"nombre":"Arlin Menpes"},
{"_id":121,"sexo":"Male","edad":78,"nombre":"Charleen Maddigan"},
{"_id":122,"sexo":"Female","edad":49,"nombre":"Cy Quartermaine"},
{"_id":123,"sexo":"Male","edad":42,"nombre":"Jozef Crewes"},
{"_id":124,"sexo":"Female","edad":89,"nombre":"Maggie Mc Combe"},
{"_id":125,"sexo":"Female","edad":18,"nombre":"Therine Rollingson"},
{"_id":126,"sexo":"Male","edad":29,"nombre":"Booth Evelyn"},
{"_id":127,"sexo":"Male","edad":85,"nombre":"Juliana Bartlomiejczyk"},
{"_id":128,"sexo":"Female","edad":92,"nombre":"Thedric Jan"},
{"_id":129,"sexo":"Female","edad":96,"nombre":"Minnnie Jerrand"},
{"_id":130,"sexo":"Male","edad":31,"nombre":"Fayina Melland"},
{"_id":131,"sexo":"Female","edad":38,"nombre":"Norene Tomasicchio"},
{"_id":132,"sexo":"Male","edad":82,"nombre":"Teriann Noquet"},
{"_id":133,"sexo":"Female","edad":95,"nombre":"Flinn Bambery"},
{"_id":134,"sexo":"Female","edad":21,"nombre":"Moria Duquesnay"},
{"_id":135,"sexo":"Male","edad":79,"nombre":"Denyse Bayley"},
{"_id":136,"sexo":"Male","edad":97,"nombre":"Cleavland Yellep"},
{"_id":137,"sexo":"Male","edad":47,"nombre":"Tyne Roskrug"},
{"_id":138,"sexo":"Male","edad":35,"nombre":"Johnnie McGovern"},
{"_id":139,"sexo":"Male","edad":54,"nombre":"Hilton Kolodziej"},
{"_id":140,"sexo":"Male","edad":87,"nombre":"Luis Roach"},
{"_id":141,"sexo":"Male","edad":38,"nombre":"Olwen Toplis"},
{"_id":142,"sexo":"Female","edad":100,"nombre":"Kelcy Lutwyche"},
{"_id":143,"sexo":"Female","edad":37,"nombre":"Josephina Perritt"},
{"_id":144,"sexo":"Female","edad":22,"nombre":"Tucker Tindle"},
{"_id":145,"sexo":"Female","edad":35,"nombre":"Barbara-anne Macari"},
{"_id":146,"sexo":"Female","edad":62,"nombre":"Miran Omrod"},
{"_id":147,"sexo":"Male","edad":92,"nombre":"Kristel R_idett"},
{"_id":148,"sexo":"Male","edad":98,"nombre":"Jason Blanc"},
{"_id":149,"sexo":"Male","edad":51,"nombre":"Evania Yurchenko"},
{"_id":150,"sexo":"Female","edad":46,"nombre":"Bond Archer"},
{"_id":151,"sexo":"Male","edad":59,"nombre":"Tobin Iacovozzo"},
{"_id":152,"sexo":"Female","edad":94,"nombre":"V_ida Jest"},
{"_id":153,"sexo":"Female","edad":96,"nombre":"Gale Saffon"},
{"_id":154,"sexo":"Female","edad":89,"nombre":"Pepi Orteu"},
{"_id":155,"sexo":"Male","edad":26,"nombre":"Murdock Cesconi"},
{"_id":156,"sexo":"Female","edad":50,"nombre":"Ingeberg Sproul"},
{"_id":157,"sexo":"Female","edad":100,"nombre":"Esmaria W_iddecombe"},
{"_id":158,"sexo":"Female","edad":45,"nombre":"Carie Fassman"},
{"_id":159,"sexo":"Male","edad":32,"nombre":"Jamie Meany"},
{"_id":160,"sexo":"Male","edad":97,"nombre":"Anatollo McLarty"},
{"_id":161,"sexo":"Female","edad":28,"nombre":"Sol Borgne"},
{"_id":162,"sexo":"Male","edad":50,"nombre":"Ali Wildash"},
{"_id":163,"sexo":"Male","edad":35,"nombre":"Gennifer Tweedlie"},
{"_id":164,"sexo":"Female","edad":44,"nombre":"Duncan Tomczykiewicz"},
{"_id":165,"sexo":"Female","edad":80,"nombre":"Giavani Hackin"},
{"_id":166,"sexo":"Male","edad":62,"nombre":"Rheba Watt"},
{"_id":167,"sexo":"Female","edad":21,"nombre":"Marylinda Hepher"},
{"_id":168,"sexo":"Male","edad":86,"nombre":"Jodie Pentecost"},
{"_id":169,"sexo":"Female","edad":38,"nombre":"Kit Juniper"},
{"_id":170,"sexo":"Female","edad":61,"nombre":"Deane Bloor"},
{"_id":171,"sexo":"Male","edad":94,"nombre":"Fiann Swinglehurst"},
{"_id":172,"sexo":"Male","edad":80,"nombre":"Inger Heinlein"},
{"_id":173,"sexo":"Male","edad":71,"nombre":"Zachery Giblin"},
{"_id":174,"sexo":"Male","edad":99,"nombre":"Rocky Bertolaccini"},
{"_id":175,"sexo":"Female","edad":48,"nombre":"Belva Hartles"},
{"_id":176,"sexo":"Female","edad":54,"nombre":"Mikol Balser"},
{"_id":177,"sexo":"Female","edad":69,"nombre":"Kara Giabuzzi"},
{"_id":178,"sexo":"Male","edad":43,"nombre":"Clementia Goolden"},
{"_id":179,"sexo":"Female","edad":69,"nombre":"Gardiner Dorr"},
{"_id":180,"sexo":"Female","edad":52,"nombre":"Boigie Chatto"},
{"_id":181,"sexo":"Male","edad":87,"nombre":"Darsie Blewis"},
{"_id":182,"sexo":"Male","edad":98,"nombre":"Elisabetta Knightly"},
{"_id":183,"sexo":"Female","edad":24,"nombre":"Theresita Brugden"},
{"_id":184,"sexo":"Female","edad":43,"nombre":"Cristian Lucius"},
{"_id":185,"sexo":"Male","edad":99,"nombre":"Laird Laundon"},
{"_id":186,"sexo":"Male","edad":36,"nombre":"Dorene Eric"},
{"_id":187,"sexo":"Male","edad":32,"nombre":"Tirrell Pesek"},
{"_id":188,"sexo":"Female","edad":42,"nombre":"Kenn Fetteplace"},
{"_id":189,"sexo":"Female","edad":76,"nombre":"Cesaro Veness"},
{"_id":190,"sexo":"Male","edad":15,"nombre":"Alasdair D'Ambrogi"},
{"_id":191,"sexo":"Male","edad":37,"nombre":"Cullie Anton"},
{"_id":192,"sexo":"Female","edad":24,"nombre":"Erich Ginity"},
{"_id":193,"sexo":"Female","edad":21,"nombre":"Chrystal Randalston"},
{"_id":194,"sexo":"Male","edad":23,"nombre":"Haydon Orrey"},
{"_id":195,"sexo":"Male","edad":39,"nombre":"Ricard Robel"},
{"_id":196,"sexo":"Female","edad":73,"nombre":"Glendon Belsey"},
{"_id":197,"sexo":"Female","edad":75,"nombre":"Nadeen Czapla"},
{"_id":198,"sexo":"Female","edad":93,"nombre":"Aldin Rassell"},
{"_id":199,"sexo":"Male","edad":24,"nombre":"Gwyneth Thorwarth"},
{"_id":200,"sexo":"Female","edad":54,"nombre":"Greta Glenister"},
{"_id":201,"sexo":"Female","edad":100,"nombre":"Borg Elderton"},
{"_id":202,"sexo":"Female","edad":60,"nombre":"Bret P_idon"},
{"_id":203,"sexo":"Male","edad":38,"nombre":"Borg Janc"},
{"_id":204,"sexo":"Male","edad":74,"nombre":"Arnuad Meert"},
{"_id":205,"sexo":"Female","edad":45,"nombre":"Durante Climson"},
{"_id":206,"sexo":"Male","edad":57,"nombre":"Bertie Skynner"},
{"_id":207,"sexo":"Male","edad":92,"nombre":"Helene De la Perrelle"},
{"_id":208,"sexo":"Female","edad":96,"nombre":"Letizia Fruin"},
{"_id":209,"sexo":"Male","edad":89,"nombre":"Lezley Woodyatt"},
{"_id":210,"sexo":"Female","edad":33,"nombre":"Poppy Mettetal"},
{"_id":211,"sexo":"Female","edad":47,"nombre":"Johnette Selwyne"},
{"_id":212,"sexo":"Female","edad":53,"nombre":"Vivianna Sadat"},
{"_id":213,"sexo":"Female","edad":16,"nombre":"Shalne Gilhouley"},
{"_id":214,"sexo":"Male","edad":92,"nombre":"Maggy R_idulfo"},
{"_id":215,"sexo":"Male","edad":67,"nombre":"Emmie Savatier"},
{"_id":216,"sexo":"Male","edad":85,"nombre":"Antonina Giroldi"},
{"_id":217,"sexo":"Female","edad":80,"nombre":"Sheela Devigne"},
{"_id":218,"sexo":"Male","edad":98,"nombre":"Leyla Dingwall"},
{"_id":219,"sexo":"Male","edad":53,"nombre":"Ignacio Collcutt"},
{"_id":220,"sexo":"Female","edad":44,"nombre":"Samara Garfitt"},
{"_id":221,"sexo":"Female","edad":71,"nombre":"Effie Basey"},
{"_id":222,"sexo":"Male","edad":47,"nombre":"Ritchie Danielczyk"},
{"_id":223,"sexo":"Male","edad":22,"nombre":"Griffie Pell"},
{"_id":224,"sexo":"Male","edad":31,"nombre":"Noach Magauran"},
{"_id":225,"sexo":"Male","edad":27,"nombre":"Florie Saph"},
{"_id":226,"sexo":"Male","edad":80,"nombre":"Linc Nelligan"},
{"_id":227,"sexo":"Female","edad":38,"nombre":"Drake Burgoyne"},
{"_id":228,"sexo":"Female","edad":35,"nombre":"Patsy Egle"},
{"_id":229,"sexo":"Male","edad":99,"nombre":"Dallas Fiorentino"},
{"_id":230,"sexo":"Male","edad":34,"nombre":"Tobye Detloff"},
{"_id":231,"sexo":"Male","edad":27,"nombre":"Kelley Haddrill"},
{"_id":232,"sexo":"Female","edad":19,"nombre":"Coraline Gemmill"},
{"_id":233,"sexo":"Male","edad":61,"nombre":"Siegfried Di Giacomo"},
{"_id":234,"sexo":"Male","edad":25,"nombre":"Francois MacKaig"},
{"_id":235,"sexo":"Female","edad":34,"nombre":"Durward Licciardello"},
{"_id":236,"sexo":"Female","edad":30,"nombre":"Brit Butler-Bowdon"},
{"_id":237,"sexo":"Female","edad":56,"nombre":"Francklyn Addicote"},
{"_id":238,"sexo":"Female","edad":84,"nombre":"Paten Caen"},
{"_id":239,"sexo":"Female","edad":98,"nombre":"Charmane Glanester"},
{"_id":240,"sexo":"Male","edad":18,"nombre":"Di McFetr_idge"},
{"_id":241,"sexo":"Male","edad":41,"nombre":"Hank Blankett"},
{"_id":242,"sexo":"Female","edad":47,"nombre":"Maryellen Kerwin"},
{"_id":243,"sexo":"Female","edad":23,"nombre":"Aurelie Bartelet"},
{"_id":244,"sexo":"Female","edad":64,"nombre":"Hayyim Holstein"},
{"_id":245,"sexo":"Male","edad":40,"nombre":"Maurice Crichley"},
{"_id":246,"sexo":"Male","edad":36,"nombre":"Edy Mc Trusty"},
{"_id":247,"sexo":"Female","edad":91,"nombre":"Philippe Pabelik"},
{"_id":248,"sexo":"Female","edad":60,"nombre":"Ethelda Andrzej"},
{"_id":249,"sexo":"Male","edad":20,"nombre":"Boycey Nacey"},
{"_id":250,"sexo":"Female","edad":83,"nombre":"Harriot Heining"},
{"_id":251,"sexo":"Male","edad":18,"nombre":"Margit Maas"},
{"_id":252,"sexo":"Male","edad":59,"nombre":"Hermione Christof_ides"},
{"_id":253,"sexo":"Male","edad":83,"nombre":"Meade Weddup"},
{"_id":254,"sexo":"Female","edad":94,"nombre":"Odessa Jecks"},
{"_id":255,"sexo":"Female","edad":29,"nombre":"Bea Drews"},
{"_id":256,"sexo":"Male","edad":97,"nombre":"Nelli Carnoghan"},
{"_id":257,"sexo":"Male","edad":23,"nombre":"Charlean Keneleys_ide"},
{"_id":258,"sexo":"Female","edad":23,"nombre":"Lyn Lghan"},
{"_id":259,"sexo":"Male","edad":93,"nombre":"Janette Augustin"},
{"_id":260,"sexo":"Female","edad":84,"nombre":"Rayner _idill"},
{"_id":261,"sexo":"Male","edad":34,"nombre":"Harcourt Broady"},
{"_id":262,"sexo":"Female","edad":90,"nombre":"Aura Hawkins"},
{"_id":263,"sexo":"Male","edad":61,"nombre":"Rodrique Parrott"},
{"_id":264,"sexo":"Male","edad":76,"nombre":"Ricki Calyton"},
{"_id":265,"sexo":"Male","edad":29,"nombre":"Riva Gerretsen"},
{"_id":266,"sexo":"Female","edad":40,"nombre":"Maisey Cicullo"},
{"_id":267,"sexo":"Male","edad":22,"nombre":"Craig Dabnor"},
{"_id":268,"sexo":"Male","edad":21,"nombre":"Clarke Garr"},
{"_id":269,"sexo":"Male","edad":60,"nombre":"Othella Speaks"},
{"_id":270,"sexo":"Female","edad":22,"nombre":"Belia Simek"},
{"_id":271,"sexo":"Female","edad":49,"nombre":"Cherise Fullegar"},
{"_id":272,"sexo":"Male","edad":42,"nombre":"Jo Abbison"},
{"_id":273,"sexo":"Male","edad":92,"nombre":"Olympie Saffrin"},
{"_id":274,"sexo":"Male","edad":49,"nombre":"Warde Kingswoode"},
{"_id":275,"sexo":"Female","edad":98,"nombre":"Waldo Varnam"},
{"_id":276,"sexo":"Male","edad":72,"nombre":"Immanuel Stranks"},
{"_id":277,"sexo":"Female","edad":41,"nombre":"Rodina Ashfold"},
{"_id":278,"sexo":"Female","edad":52,"nombre":"Tanney Vernazza"},
{"_id":279,"sexo":"Male","edad":58,"nombre":"Mitchell Woolmington"},
{"_id":280,"sexo":"Female","edad":29,"nombre":"Anson Sandes"},
{"_id":281,"sexo":"Male","edad":93,"nombre":"Lacee Fancott"},
{"_id":282,"sexo":"Female","edad":53,"nombre":"Raychel O'Doherty"},
{"_id":283,"sexo":"Male","edad":53,"nombre":"Brett Rowbottam"},
{"_id":284,"sexo":"Female","edad":73,"nombre":"Olympe Lebbern"},
{"_id":285,"sexo":"Female","edad":76,"nombre":"Katrine Elverstone"},
{"_id":286,"sexo":"Male","edad":17,"nombre":"Goldina Behnen"},
{"_id":287,"sexo":"Female","edad":66,"nombre":"Rochelle Courcey"},
{"_id":288,"sexo":"Male","edad":43,"nombre":"Abramo Adair"},
{"_id":289,"sexo":"Male","edad":98,"nombre":"Jacquelin McGlone"},
{"_id":290,"sexo":"Female","edad":90,"nombre":"Jillana Trudgeon"},
{"_id":291,"sexo":"Female","edad":46,"nombre":"Alfi Reville"},
{"_id":292,"sexo":"Female","edad":52,"nombre":"Doloritas Hughson"},
{"_id":293,"sexo":"Male","edad":65,"nombre":"Rosie Surgeoner"},
{"_id":294,"sexo":"Male","edad":25,"nombre":"Persis Abbatt"},
{"_id":295,"sexo":"Male","edad":64,"nombre":"Barbie Lutty"},
{"_id":296,"sexo":"Male","edad":58,"nombre":"Morganica Seger"},
{"_id":297,"sexo":"Male","edad":81,"nombre":"Conan McCormack"},
{"_id":298,"sexo":"Female","edad":24,"nombre":"Eva Hedgeley"},
{"_id":299,"sexo":"Male","edad":69,"nombre":"Rodolph Pavia"},
{"_id":300,"sexo":"Female","edad":54,"nombre":"Cathee Quoit"},
{"_id":301,"sexo":"Male","edad":69,"nombre":"Caz Galpin"},
{"_id":302,"sexo":"Male","edad":56,"nombre":"Iona Fere"},
{"_id":303,"sexo":"Male","edad":49,"nombre":"Martina Eckhard"},
{"_id":304,"sexo":"Male","edad":36,"nombre":"Armando Kenset"},
{"_id":305,"sexo":"Female","edad":30,"nombre":"Marcile Selliman"},
{"_id":306,"sexo":"Female","edad":63,"nombre":"Bondy Hallgarth"},
{"_id":307,"sexo":"Male","edad":75,"nombre":"Marilyn Sketch"},
{"_id":308,"sexo":"Male","edad":87,"nombre":"L_idia Dackombe"},
{"_id":309,"sexo":"Male","edad":55,"nombre":"Rowney Chalker"},
{"_id":310,"sexo":"Male","edad":24,"nombre":"Tamma Wealleans"},
{"_id":311,"sexo":"Male","edad":64,"nombre":"Mabel Fursland"},
{"_id":312,"sexo":"Male","edad":47,"nombre":"Andras Gunny"},
{"_id":313,"sexo":"Male","edad":61,"nombre":"Lari Loftin"},
{"_id":314,"sexo":"Female","edad":39,"nombre":"Christi Bohden"},
{"_id":315,"sexo":"Female","edad":80,"nombre":"Rik Stirtle"},
{"_id":316,"sexo":"Female","edad":68,"nombre":"Kylen Fillary"},
{"_id":317,"sexo":"Female","edad":15,"nombre":"Carita Thouless"},
{"_id":318,"sexo":"Male","edad":56,"nombre":"Bette Boards"},
{"_id":319,"sexo":"Female","edad":44,"nombre":"Glynnis Benzie"},
{"_id":320,"sexo":"Female","edad":54,"nombre":"Chrisy Seelbach"},
{"_id":321,"sexo":"Female","edad":86,"nombre":"Dael Readshall"},
{"_id":322,"sexo":"Female","edad":22,"nombre":"Russ MacCartair"},
{"_id":323,"sexo":"Male","edad":73,"nombre":"Deloris Wiggin"},
{"_id":324,"sexo":"Male","edad":96,"nombre":"Germana Lowndesbrough"},
{"_id":325,"sexo":"Female","edad":57,"nombre":"Arturo Urwen"},
{"_id":326,"sexo":"Male","edad":57,"nombre":"Perri Sellens"},
{"_id":327,"sexo":"Female","edad":100,"nombre":"Rosana Heller"},
{"_id":328,"sexo":"Female","edad":47,"nombre":"Aldwin Ovesen"},
{"_id":329,"sexo":"Male","edad":50,"nombre":"Jake Pristnor"},
{"_id":330,"sexo":"Male","edad":29,"nombre":"Merilee Santus"},
{"_id":331,"sexo":"Male","edad":74,"nombre":"Matthiew Bass"},
{"_id":332,"sexo":"Female","edad":98,"nombre":"Yehudit Jacquet"},
{"_id":333,"sexo":"Female","edad":100,"nombre":"Beniamino Rudolfer"},
{"_id":334,"sexo":"Male","edad":34,"nombre":"Worth Ewing"},
{"_id":335,"sexo":"Female","edad":38,"nombre":"Camila Connichie"},
{"_id":336,"sexo":"Male","edad":78,"nombre":"Skye Pellew"},
{"_id":337,"sexo":"Male","edad":28,"nombre":"Elden Abbs"},
{"_id":338,"sexo":"Female","edad":29,"nombre":"Abigael Rengger"},
{"_id":339,"sexo":"Female","edad":16,"nombre":"Phoebe Little"},
{"_id":340,"sexo":"Male","edad":65,"nombre":"Lorenzo Capelen"},
{"_id":341,"sexo":"Female","edad":49,"nombre":"Tye Ullyatt"},
{"_id":342,"sexo":"Male","edad":91,"nombre":"Konstantin Cuckoo"},
{"_id":343,"sexo":"Female","edad":65,"nombre":"Natale Samweyes"},
{"_id":344,"sexo":"Male","edad":32,"nombre":"Domeniga Cubbinelli"},
{"_id":345,"sexo":"Male","edad":58,"nombre":"Bogey Tokley"},
{"_id":346,"sexo":"Female","edad":94,"nombre":"Cornall Eick"},
{"_id":347,"sexo":"Male","edad":75,"nombre":"Kitty Vatcher"},
{"_id":348,"sexo":"Male","edad":68,"nombre":"Vanda Curl"},
{"_id":349,"sexo":"Male","edad":41,"nombre":"Clayton Roon"},
{"_id":350,"sexo":"Female","edad":83,"nombre":"Sonya Wandrach"},
{"_id":351,"sexo":"Female","edad":72,"nombre":"Ursula Kynan"},
{"_id":352,"sexo":"Male","edad":29,"nombre":"Roger Jessard"},
{"_id":353,"sexo":"Male","edad":25,"nombre":"Goraud Mc Derm_id"},
{"_id":354,"sexo":"Male","edad":18,"nombre":"Vivianna Rebillard"},
{"_id":355,"sexo":"Female","edad":60,"nombre":"Julia Nerheny"},
{"_id":356,"sexo":"Female","edad":98,"nombre":"Neall Reisin"},
{"_id":357,"sexo":"Female","edad":85,"nombre":"Pip Kingzet"},
{"_id":358,"sexo":"Male","edad":36,"nombre":"Pegeen Rowledge"},
{"_id":359,"sexo":"Female","edad":27,"nombre":"Burgess Parkhouse"},
{"_id":360,"sexo":"Male","edad":43,"nombre":"Jen Hewkin"},
{"_id":361,"sexo":"Male","edad":65,"nombre":"Lusa Brigginshaw"},
{"_id":362,"sexo":"Female","edad":43,"nombre":"Ange Belshaw"},
{"_id":363,"sexo":"Female","edad":69,"nombre":"Phillis Cockerill"},
{"_id":364,"sexo":"Female","edad":76,"nombre":"Saunder Pursey"},
{"_id":365,"sexo":"Male","edad":44,"nombre":"Sig Hissett"},
{"_id":366,"sexo":"Female","edad":75,"nombre":"Cris Brixey"},
{"_id":367,"sexo":"Male","edad":64,"nombre":"Judah Fakes"},
{"_id":368,"sexo":"Female","edad":36,"nombre":"Brenn Sleney"},
{"_id":369,"sexo":"Male","edad":55,"nombre":"Renee De Cleen"},
{"_id":370,"sexo":"Male","edad":70,"nombre":"Karia Dowsing"},
{"_id":371,"sexo":"Female","edad":89,"nombre":"Zebadiah La_idlaw"},
{"_id":372,"sexo":"Male","edad":96,"nombre":"Claus Staterfield"},
{"_id":373,"sexo":"Female","edad":29,"nombre":"Vallie Tritton"},
{"_id":374,"sexo":"Female","edad":74,"nombre":"Michaela Seyler"},
{"_id":375,"sexo":"Male","edad":90,"nombre":"Darcy Nares"},
{"_id":376,"sexo":"Female","edad":94,"nombre":"Byrle Jeppe"},
{"_id":377,"sexo":"Female","edad":48,"nombre":"Hershel Shellshear"},
{"_id":378,"sexo":"Male","edad":26,"nombre":"Gail Leyfield"},
{"_id":379,"sexo":"Female","edad":98,"nombre":"Leanna Olivo"},
{"_id":380,"sexo":"Female","edad":28,"nombre":"_idalina Longfellow"},
{"_id":381,"sexo":"Female","edad":42,"nombre":"Rasla Matyashev"},
{"_id":382,"sexo":"Female","edad":90,"nombre":"Barb Parres"},
{"_id":383,"sexo":"Male","edad":90,"nombre":"Raleigh Moreton"},
{"_id":384,"sexo":"Male","edad":21,"nombre":"Andrej Kleinhausen"},
{"_id":385,"sexo":"Female","edad":25,"nombre":"Wes Troman"},
{"_id":386,"sexo":"Female","edad":37,"nombre":"Armin Jarman"},
{"_id":387,"sexo":"Female","edad":31,"nombre":"Stearn Noweak"},
{"_id":388,"sexo":"Female","edad":58,"nombre":"Tove Hartland"},
{"_id":389,"sexo":"Female","edad":55,"nombre":"Inge Martinets"},
{"_id":390,"sexo":"Male","edad":100,"nombre":"Dorisa Mathou"},
{"_id":391,"sexo":"Female","edad":94,"nombre":"Andreas Burdon"},
{"_id":392,"sexo":"Male","edad":39,"nombre":"Bethany Fredi"},
{"_id":393,"sexo":"Female","edad":94,"nombre":"Rosella Shirrell"},
{"_id":394,"sexo":"Female","edad":57,"nombre":"Dorolisa Garnett"},
{"_id":395,"sexo":"Female","edad":31,"nombre":"Lee Lauderdale"},
{"_id":396,"sexo":"Female","edad":23,"nombre":"Allayne Bentson"},
{"_id":397,"sexo":"Male","edad":50,"nombre":"Juliet Janes"},
{"_id":398,"sexo":"Male","edad":81,"nombre":"Cazzie Stolworthy"},
{"_id":399,"sexo":"Male","edad":95,"nombre":"Kailey Botcherby"},
{"_id":400,"sexo":"Female","edad":15,"nombre":"Floyd Belderson"},
{"_id":401,"sexo":"Female","edad":66,"nombre":"Christian Spottiswoode"},
{"_id":402,"sexo":"Female","edad":55,"nombre":"Ianthe Gieraths"},
{"_id":403,"sexo":"Male","edad":37,"nombre":"Janek Hugill"},
{"_id":404,"sexo":"Male","edad":96,"nombre":"Gabbi Basson"},
{"_id":405,"sexo":"Female","edad":54,"nombre":"Roseanne Horley"},
{"_id":406,"sexo":"Female","edad":35,"nombre":"Creighton Senett"},
{"_id":407,"sexo":"Male","edad":47,"nombre":"Verena Kaygill"},
{"_id":408,"sexo":"Male","edad":93,"nombre":"Binnie Evamy"},
{"_id":409,"sexo":"Male","edad":18,"nombre":"Cathleen Chippin"},
{"_id":410,"sexo":"Male","edad":77,"nombre":"Loy Holborn"},
{"_id":411,"sexo":"Male","edad":91,"nombre":"Jodi Rising"},
{"_id":412,"sexo":"Male","edad":83,"nombre":"Jared Drinan"},
{"_id":413,"sexo":"Female","edad":91,"nombre":"Valentino Girogetti"},
{"_id":414,"sexo":"Male","edad":55,"nombre":"Morlee Beste"},
{"_id":415,"sexo":"Female","edad":30,"nombre":"Adrienne Banishevitz"},
{"_id":416,"sexo":"Female","edad":74,"nombre":"Yvor Iorillo"},
{"_id":417,"sexo":"Female","edad":94,"nombre":"Rozalin Feitosa"},
{"_id":418,"sexo":"Female","edad":53,"nombre":"Marillin Brough"},
{"_id":419,"sexo":"Male","edad":87,"nombre":"Maribel Glass"},
{"_id":420,"sexo":"Male","edad":45,"nombre":"Hammad Grimsell"},
{"_id":421,"sexo":"Female","edad":29,"nombre":"Jason Jessopp"},
{"_id":422,"sexo":"Male","edad":98,"nombre":"Thomasina Lipyeat"},
{"_id":423,"sexo":"Female","edad":58,"nombre":"Chelsea Klimke"},
{"_id":424,"sexo":"Male","edad":31,"nombre":"Ariela Suche"},
{"_id":425,"sexo":"Female","edad":62,"nombre":"Joelie Adame"},
{"_id":426,"sexo":"Male","edad":87,"nombre":"Buiron Lampard"},
{"_id":427,"sexo":"Male","edad":83,"nombre":"Loise Keel"},
{"_id":428,"sexo":"Male","edad":46,"nombre":"Chrissy Masey"},
{"_id":429,"sexo":"Female","edad":21,"nombre":"Alfredo Downing"},
{"_id":430,"sexo":"Female","edad":64,"nombre":"Godfry Dyter"},
{"_id":431,"sexo":"Female","edad":20,"nombre":"Lizabeth Crosi"},
{"_id":432,"sexo":"Female","edad":48,"nombre":"Northrup Bugs"},
{"_id":433,"sexo":"Female","edad":98,"nombre":"Wylma McDugal"},
{"_id":434,"sexo":"Male","edad":31,"nombre":"Pernell Peplay"},
{"_id":435,"sexo":"Female","edad":18,"nombre":"Emili Rummings"},
{"_id":436,"sexo":"Male","edad":86,"nombre":"Simonette Bentson"},
{"_id":437,"sexo":"Male","edad":63,"nombre":"Lavina Pakenham"},
{"_id":438,"sexo":"Female","edad":17,"nombre":"Larry Lovie"},
{"_id":439,"sexo":"Female","edad":22,"nombre":"Shayne Clows"},
{"_id":440,"sexo":"Male","edad":93,"nombre":"Corilla Aukland"},
{"_id":441,"sexo":"Male","edad":88,"nombre":"Meghann Edmed"},
{"_id":442,"sexo":"Female","edad":73,"nombre":"Evonne Reveley"},
{"_id":443,"sexo":"Male","edad":100,"nombre":"Harvey Arntzen"},
{"_id":444,"sexo":"Female","edad":15,"nombre":"Lavinia Prayer"},
{"_id":445,"sexo":"Male","edad":90,"nombre":"Isabel Clemanceau"},
{"_id":446,"sexo":"Male","edad":48,"nombre":"Felipa Litchmore"},
{"_id":447,"sexo":"Female","edad":44,"nombre":"Margette Karran"},
{"_id":448,"sexo":"Male","edad":97,"nombre":"Anica M_idlar"},
{"_id":449,"sexo":"Female","edad":64,"nombre":"Galven Kroch"},
{"_id":450,"sexo":"Male","edad":35,"nombre":"Devy Nazair"},
{"_id":451,"sexo":"Female","edad":21,"nombre":"Allen Pressey"},
{"_id":452,"sexo":"Male","edad":96,"nombre":"Otes Rubinlicht"},
{"_id":453,"sexo":"Male","edad":73,"nombre":"Ellerey Ricart"},
{"_id":454,"sexo":"Male","edad":56,"nombre":"Filberte Dawney"},
{"_id":455,"sexo":"Male","edad":57,"nombre":"Tawnya Chasney"},
{"_id":456,"sexo":"Female","edad":23,"nombre":"Obediah Dudmesh"},
{"_id":457,"sexo":"Male","edad":69,"nombre":"Carmencita McGann"},
{"_id":458,"sexo":"Female","edad":25,"nombre":"Hamish Delgado"},
{"_id":459,"sexo":"Male","edad":51,"nombre":"Tiphany Antonutti"},
{"_id":460,"sexo":"Male","edad":74,"nombre":"Maire Bliben"},
{"_id":461,"sexo":"Male","edad":87,"nombre":"Alphard Peters"},
{"_id":462,"sexo":"Female","edad":67,"nombre":"Appolonia Scaife"},
{"_id":463,"sexo":"Male","edad":36,"nombre":"Elwira Cheney"},
{"_id":464,"sexo":"Male","edad":42,"nombre":"Stesha Sanpher"},
{"_id":465,"sexo":"Male","edad":31,"nombre":"Jessee Donoher"},
{"_id":466,"sexo":"Female","edad":97,"nombre":"Nanette Lark"},
{"_id":467,"sexo":"Female","edad":67,"nombre":"Allister Wyeth"},
{"_id":468,"sexo":"Female","edad":63,"nombre":"Lucretia Hilland"},
{"_id":469,"sexo":"Male","edad":25,"nombre":"Lorin Blogg"},
{"_id":470,"sexo":"Male","edad":33,"nombre":"Wiatt Rogan"},
{"_id":471,"sexo":"Female","edad":69,"nombre":"Carolann Irons"},
{"_id":472,"sexo":"Female","edad":25,"nombre":"Daren Kennler"},
{"_id":473,"sexo":"Male","edad":77,"nombre":"Roscoe Clemence"},
{"_id":474,"sexo":"Female","edad":19,"nombre":"Nils Kingsmill"},
{"_id":475,"sexo":"Female","edad":62,"nombre":"Kasper Janodet"},
{"_id":476,"sexo":"Male","edad":97,"nombre":"Lefty Grosier"},
{"_id":477,"sexo":"Male","edad":28,"nombre":"Pauli Lemin"},
{"_id":478,"sexo":"Female","edad":31,"nombre":"He_idi Guile"},
{"_id":479,"sexo":"Male","edad":91,"nombre":"Cinderella Ambroise"},
{"_id":480,"sexo":"Male","edad":93,"nombre":"He_ida Gilhoolie"},
{"_id":481,"sexo":"Female","edad":40,"nombre":"Dolf Ragless"},
{"_id":482,"sexo":"Female","edad":83,"nombre":"Rickie Bealton"},
{"_id":483,"sexo":"Male","edad":76,"nombre":"Is_idro Fishbourn"},
{"_id":484,"sexo":"Male","edad":65,"nombre":"Darsey Riquet"},
{"_id":485,"sexo":"Male","edad":98,"nombre":"Ranique Lunk"},
{"_id":486,"sexo":"Male","edad":55,"nombre":"Shirlee Baudic"},
{"_id":487,"sexo":"Male","edad":50,"nombre":"Jeffie McQuode"},
{"_id":488,"sexo":"Male","edad":83,"nombre":"Linn Kirwan"},
{"_id":489,"sexo":"Female","edad":15,"nombre":"Anna Claasen"},
{"_id":490,"sexo":"Male","edad":40,"nombre":"Sarah Nealey"},
{"_id":491,"sexo":"Male","edad":55,"nombre":"Case Marchi"},
{"_id":492,"sexo":"Female","edad":34,"nombre":"Kirk Carswell"},
{"_id":493,"sexo":"Male","edad":61,"nombre":"Laurie Jaggard"},
{"_id":494,"sexo":"Male","edad":70,"nombre":"Farlie Rawkesby"},
{"_id":495,"sexo":"Male","edad":46,"nombre":"Annabella Bennet"},
{"_id":496,"sexo":"Female","edad":83,"nombre":"Randie Hache"},
{"_id":497,"sexo":"Male","edad":82,"nombre":"Joann McCawley"},
{"_id":498,"sexo":"Female","edad":56,"nombre":"Tarrance Panchin"},
{"_id":499,"sexo":"Female","edad":61,"nombre":"Bear Kynman"},
{"_id":500,"sexo":"Female","edad":80,"nombre":"Lonny Pavlitschek"},
{"_id":501,"sexo":"Male","edad":79,"nombre":"Arty Ditch"},
{"_id":502,"sexo":"Female","edad":73,"nombre":"Caro Farndon"},
{"_id":503,"sexo":"Female","edad":23,"nombre":"Andonis Crollman"},
{"_id":504,"sexo":"Male","edad":84,"nombre":"Fred Khan"},
{"_id":505,"sexo":"Female","edad":27,"nombre":"Reube Mathissen"},
{"_id":506,"sexo":"Male","edad":66,"nombre":"Alan Barnewall"},
{"_id":507,"sexo":"Male","edad":29,"nombre":"Elvira Alliban"},
{"_id":508,"sexo":"Female","edad":77,"nombre":"Selestina Fairhall"},
{"_id":509,"sexo":"Female","edad":54,"nombre":"Fletcher Keyson"},
{"_id":510,"sexo":"Male","edad":73,"nombre":"Mattias Dressel"},
{"_id":511,"sexo":"Female","edad":74,"nombre":"Maurits Orrice"},
{"_id":512,"sexo":"Female","edad":87,"nombre":"Lyn Sibbald"},
{"_id":513,"sexo":"Female","edad":49,"nombre":"Tommie Durtnel"},
{"_id":514,"sexo":"Female","edad":39,"nombre":"Kelvin Burgisi"},
{"_id":515,"sexo":"Female","edad":73,"nombre":"Cornie Carefull"},
{"_id":516,"sexo":"Female","edad":41,"nombre":"Stephannie Creavan"},
{"_id":517,"sexo":"Male","edad":36,"nombre":"Jeni Lampens"},
{"_id":518,"sexo":"Female","edad":82,"nombre":"Silvio Leibold"},
{"_id":519,"sexo":"Female","edad":18,"nombre":"Andie Jonas"},
{"_id":520,"sexo":"Male","edad":66,"nombre":"Thorsten Elvish"},
{"_id":521,"sexo":"Male","edad":49,"nombre":"Kate Palumbo"},
{"_id":522,"sexo":"Female","edad":29,"nombre":"Tripp Downing"},
{"_id":523,"sexo":"Female","edad":61,"nombre":"Rosabella Schulze"},
{"_id":524,"sexo":"Male","edad":31,"nombre":"Barthel Myles"},
{"_id":525,"sexo":"Male","edad":34,"nombre":"Siouxie Gandley"},
{"_id":526,"sexo":"Female","edad":16,"nombre":"Wilhelm Turfitt"},
{"_id":527,"sexo":"Male","edad":64,"nombre":"Allister Tweedlie"},
{"_id":528,"sexo":"Male","edad":35,"nombre":"Hale Lathwood"},
{"_id":529,"sexo":"Female","edad":32,"nombre":"Marylynne Siuda"},
{"_id":530,"sexo":"Male","edad":51,"nombre":"Carlita Scibsey"},
{"_id":531,"sexo":"Male","edad":78,"nombre":"Eada Stower"},
{"_id":532,"sexo":"Female","edad":97,"nombre":"Eliot Peaddie"},
{"_id":533,"sexo":"Female","edad":44,"nombre":"Clayborne Lundbeck"},
{"_id":534,"sexo":"Male","edad":62,"nombre":"Oona Rainsdon"},
{"_id":535,"sexo":"Male","edad":71,"nombre":"Erena Gouth"},
{"_id":536,"sexo":"Male","edad":78,"nombre":"Kellia Aronson"},
{"_id":537,"sexo":"Female","edad":79,"nombre":"Liam Klainman"},
{"_id":538,"sexo":"Female","edad":21,"nombre":"Jena Kryzhov"},
{"_id":539,"sexo":"Female","edad":19,"nombre":"Kathryne Impey"},
{"_id":540,"sexo":"Male","edad":39,"nombre":"Shoshanna Notley"},
{"_id":541,"sexo":"Female","edad":87,"nombre":"Cheslie Tevelov"},
{"_id":542,"sexo":"Male","edad":34,"nombre":"Katherine Capitano"},
{"_id":543,"sexo":"Male","edad":19,"nombre":"Hillel Djurevic"},
{"_id":544,"sexo":"Male","edad":68,"nombre":"Dolph Markova"},
{"_id":545,"sexo":"Male","edad":96,"nombre":"Vanni April"},
{"_id":546,"sexo":"Male","edad":38,"nombre":"Stefa Gannicott"},
{"_id":547,"sexo":"Female","edad":79,"nombre":"Alaster Redley"},
{"_id":548,"sexo":"Male","edad":27,"nombre":"Fabien Slaymaker"},
{"_id":549,"sexo":"Male","edad":40,"nombre":"Rhodia Lowrie"},
{"_id":550,"sexo":"Female","edad":74,"nombre":"Yasmin Corradeschi"},
{"_id":551,"sexo":"Male","edad":49,"nombre":"Terencio Caffrey"},
{"_id":552,"sexo":"Male","edad":27,"nombre":"Stoddard Eales"},
{"_id":553,"sexo":"Male","edad":44,"nombre":"Udall Jorissen"},
{"_id":554,"sexo":"Female","edad":54,"nombre":"Dur Matthis"},
{"_id":555,"sexo":"Female","edad":97,"nombre":"Ediva Gallehock"},
{"_id":556,"sexo":"Female","edad":91,"nombre":"Veradis Giacomelli"},
{"_id":557,"sexo":"Female","edad":27,"nombre":"Bertram Arrandale"},
{"_id":558,"sexo":"Male","edad":48,"nombre":"Shelby Maskew"},
{"_id":559,"sexo":"Male","edad":55,"nombre":"Demeter Lavarack"},
{"_id":560,"sexo":"Female","edad":23,"nombre":"Ermina Rubertelli"},
{"_id":561,"sexo":"Female","edad":22,"nombre":"Barrett McCarter"},
{"_id":562,"sexo":"Female","edad":58,"nombre":"Bettine Eary"},
{"_id":563,"sexo":"Female","edad":28,"nombre":"Gabrielle Grimster"},
{"_id":564,"sexo":"Female","edad":53,"nombre":"Doralynn Erickssen"},
{"_id":565,"sexo":"Female","edad":35,"nombre":"Gaylene Vreede"},
{"_id":566,"sexo":"Female","edad":93,"nombre":"Ardis Dabnot"},
{"_id":567,"sexo":"Female","edad":57,"nombre":"Sibella Groundwater"},
{"_id":568,"sexo":"Female","edad":31,"nombre":"Arda Savatier"},
{"_id":569,"sexo":"Female","edad":56,"nombre":"Bliss Athowe"},
{"_id":570,"sexo":"Female","edad":86,"nombre":"Dorothee D'eath"},
{"_id":571,"sexo":"Male","edad":61,"nombre":"Juliette Lomaz"},
{"_id":572,"sexo":"Male","edad":40,"nombre":"Hilliary Pegden"},
{"_id":573,"sexo":"Male","edad":28,"nombre":"Francisca McNish"},
{"_id":574,"sexo":"Male","edad":92,"nombre":"Corissa Statersfield"},
{"_id":575,"sexo":"Male","edad":15,"nombre":"Laetitia Crampton"},
{"_id":576,"sexo":"Male","edad":99,"nombre":"Allen Hawkings"},
{"_id":577,"sexo":"Female","edad":72,"nombre":"Clemmy Pavek"},
{"_id":578,"sexo":"Female","edad":44,"nombre":"Helaine Francisco"},
{"_id":579,"sexo":"Female","edad":32,"nombre":"Eloisa Whitchurch"},
{"_id":580,"sexo":"Male","edad":89,"nombre":"Natalina Havis"},
{"_id":581,"sexo":"Female","edad":98,"nombre":"Lucia Saywell"},
{"_id":582,"sexo":"Female","edad":100,"nombre":"Dianemarie Gu_iducci"},
{"_id":583,"sexo":"Male","edad":59,"nombre":"Silvain Serjeant"},
{"_id":584,"sexo":"Female","edad":98,"nombre":"Remington Ivatts"},
{"_id":585,"sexo":"Male","edad":100,"nombre":"Nikolos Gotch"},
{"_id":586,"sexo":"Female","edad":30,"nombre":"Roselia Darque"},
{"_id":587,"sexo":"Female","edad":45,"nombre":"Maxim Levinge"},
{"_id":588,"sexo":"Male","edad":64,"nombre":"Hyman Runnicles"},
{"_id":589,"sexo":"Female","edad":87,"nombre":"Codie Cobelli"},
{"_id":590,"sexo":"Female","edad":19,"nombre":"Stacy Ackroyd"},
{"_id":591,"sexo":"Female","edad":15,"nombre":"Wiley Springthorpe"},
{"_id":592,"sexo":"Male","edad":22,"nombre":"Padraic Fann"},
{"_id":593,"sexo":"Female","edad":83,"nombre":"Matty Stove"},
{"_id":594,"sexo":"Female","edad":23,"nombre":"Leon_idas Swinyard"},
{"_id":595,"sexo":"Female","edad":50,"nombre":"Kennan Jojic"},
{"_id":596,"sexo":"Female","edad":16,"nombre":"Seumas Clemenza"},
{"_id":597,"sexo":"Female","edad":49,"nombre":"Stillman Favela"},
{"_id":598,"sexo":"Male","edad":39,"nombre":"Jordanna Williams"},
{"_id":599,"sexo":"Male","edad":58,"nombre":"Jesus Pickerill"},
{"_id":600,"sexo":"Male","edad":68,"nombre":"Adi Conelly"},
{"_id":601,"sexo":"Male","edad":76,"nombre":"Addison Radsdale"},
{"_id":602,"sexo":"Female","edad":28,"nombre":"Claire Prujean"},
{"_id":603,"sexo":"Male","edad":79,"nombre":"Riobard Eva"},
{"_id":604,"sexo":"Male","edad":39,"nombre":"Libbi Bramble"},
{"_id":605,"sexo":"Male","edad":62,"nombre":"Marcos Cruden"},
{"_id":606,"sexo":"Female","edad":61,"nombre":"Adah Cluderay"},
{"_id":607,"sexo":"Female","edad":49,"nombre":"Claudette De Bruijne"},
{"_id":608,"sexo":"Female","edad":47,"nombre":"Lavinie Schwier"},
{"_id":609,"sexo":"Male","edad":46,"nombre":"Rochette Bocke"},
{"_id":610,"sexo":"Female","edad":68,"nombre":"Othella Sivill"},
{"_id":611,"sexo":"Female","edad":84,"nombre":"Victoria Flemmich"},
{"_id":612,"sexo":"Female","edad":80,"nombre":"Wylie Strapp"},
{"_id":613,"sexo":"Male","edad":39,"nombre":"Alberta Brame"},
{"_id":614,"sexo":"Female","edad":97,"nombre":"Myrvyn Blakiston"},
{"_id":615,"sexo":"Male","edad":40,"nombre":"Meggi Ollerhead"},
{"_id":616,"sexo":"Female","edad":97,"nombre":"Ferd Collingworth"},
{"_id":617,"sexo":"Female","edad":18,"nombre":"Lissie P_iddletown"},
{"_id":618,"sexo":"Female","edad":26,"nombre":"Jilli Pallister"},
{"_id":619,"sexo":"Male","edad":62,"nombre":"Cristen R_iddles"},
{"_id":620,"sexo":"Male","edad":43,"nombre":"Herbert Mockett"},
{"_id":621,"sexo":"Male","edad":72,"nombre":"Janot Porkiss"},
{"_id":622,"sexo":"Female","edad":30,"nombre":"Salli Stopper"},
{"_id":623,"sexo":"Female","edad":24,"nombre":"Bar Gibbieson"},
{"_id":624,"sexo":"Female","edad":83,"nombre":"Alanna Dyball"},
{"_id":625,"sexo":"Female","edad":46,"nombre":"Huberto Headland"},
{"_id":626,"sexo":"Female","edad":75,"nombre":"Cam Wintersgill"},
{"_id":627,"sexo":"Male","edad":90,"nombre":"Mickie Coyle"},
{"_id":628,"sexo":"Female","edad":83,"nombre":"Toddie McAuslan"},
{"_id":629,"sexo":"Female","edad":36,"nombre":"Etty Amberger"},
{"_id":630,"sexo":"Female","edad":28,"nombre":"Janith Noirel"},
{"_id":631,"sexo":"Male","edad":89,"nombre":"Aaren Lonergan"},
{"_id":632,"sexo":"Female","edad":34,"nombre":"Rita Selcraig"},
{"_id":633,"sexo":"Female","edad":48,"nombre":"Gayel Handrik"},
{"_id":634,"sexo":"Male","edad":80,"nombre":"Monti Forber"},
{"_id":635,"sexo":"Male","edad":52,"nombre":"Iona Cockram"},
{"_id":636,"sexo":"Male","edad":69,"nombre":"Angela Stoffers"},
{"_id":637,"sexo":"Male","edad":65,"nombre":"Olive Dilworth"},
{"_id":638,"sexo":"Male","edad":97,"nombre":"Myrna Westrope"},
{"_id":639,"sexo":"Male","edad":45,"nombre":"Alvy Bascomb"},
{"_id":640,"sexo":"Male","edad":37,"nombre":"Wandie Rhyme"},
{"_id":641,"sexo":"Male","edad":17,"nombre":"Sharon Gu_idone"},
{"_id":642,"sexo":"Female","edad":85,"nombre":"Curtis Pilipets"},
{"_id":643,"sexo":"Female","edad":36,"nombre":"Elysee Matuszkiewicz"},
{"_id":644,"sexo":"Male","edad":72,"nombre":"Terrance Mouncey"},
{"_id":645,"sexo":"Female","edad":74,"nombre":"Sharl Spafford"},
{"_id":646,"sexo":"Male","edad":29,"nombre":"Monique Salomon"},
{"_id":647,"sexo":"Female","edad":94,"nombre":"Joachim Margiotta"},
{"_id":648,"sexo":"Female","edad":66,"nombre":"Hester Humm"},
{"_id":649,"sexo":"Female","edad":28,"nombre":"Holli Beinisch"},
{"_id":650,"sexo":"Female","edad":15,"nombre":"Audry Saul"},
{"_id":651,"sexo":"Male","edad":86,"nombre":"Aime Skerm"},
{"_id":652,"sexo":"Female","edad":70,"nombre":"Joyan Blackeby"},
{"_id":653,"sexo":"Female","edad":20,"nombre":"Othilia Sedgeworth"},
{"_id":654,"sexo":"Male","edad":82,"nombre":"Antonie Mavin"},
{"_id":655,"sexo":"Male","edad":85,"nombre":"Simmonds Barnhart"},
{"_id":656,"sexo":"Female","edad":22,"nombre":"Pacorro Bloxsome"},
{"_id":657,"sexo":"Male","edad":97,"nombre":"Inglis Ledes"},
{"_id":658,"sexo":"Female","edad":96,"nombre":"Edik Wisbey"},
{"_id":659,"sexo":"Female","edad":33,"nombre":"Jacinda Viveash"},
{"_id":660,"sexo":"Male","edad":36,"nombre":"Tris Crosetti"},
{"_id":661,"sexo":"Female","edad":31,"nombre":"Bern Puttock"},
{"_id":662,"sexo":"Male","edad":45,"nombre":"Nahum Kinastan"},
{"_id":663,"sexo":"Male","edad":61,"nombre":"Roz McGorley"},
{"_id":664,"sexo":"Male","edad":29,"nombre":"Alair Casarino"},
{"_id":665,"sexo":"Female","edad":26,"nombre":"Jamaal Stair"},
{"_id":666,"sexo":"Female","edad":68,"nombre":"Brodie Luard"},
{"_id":667,"sexo":"Female","edad":69,"nombre":"Sher Gresty"},
{"_id":668,"sexo":"Female","edad":94,"nombre":"Benton Cowp"},
{"_id":669,"sexo":"Female","edad":90,"nombre":"Casie Highwood"},
{"_id":670,"sexo":"Female","edad":84,"nombre":"Knox Borgne"},
{"_id":671,"sexo":"Male","edad":72,"nombre":"Addy Bigmore"},
{"_id":672,"sexo":"Male","edad":15,"nombre":"Ware Kynsey"},
{"_id":673,"sexo":"Male","edad":35,"nombre":"Raymond Dudley"},
{"_id":674,"sexo":"Female","edad":58,"nombre":"Kathy Avrahamof"},
{"_id":675,"sexo":"Female","edad":65,"nombre":"Arthur Glasebrook"},
{"_id":676,"sexo":"Female","edad":76,"nombre":"Clemmie Van Merwe"},
{"_id":677,"sexo":"Male","edad":86,"nombre":"Stefan Rooke"},
{"_id":678,"sexo":"Female","edad":18,"nombre":"Judie Lindenboim"},
{"_id":679,"sexo":"Male","edad":29,"nombre":"Teodorico Paulack"},
{"_id":680,"sexo":"Female","edad":24,"nombre":"Pepita Momford"},
{"_id":681,"sexo":"Female","edad":44,"nombre":"Linus Heibel"},
{"_id":682,"sexo":"Male","edad":79,"nombre":"Guillemette Abramamovh"},
{"_id":683,"sexo":"Male","edad":39,"nombre":"Bobbie Kienzle"},
{"_id":684,"sexo":"Female","edad":47,"nombre":"Serge MacGahy"},
{"_id":685,"sexo":"Female","edad":38,"nombre":"Jaclin Maden"},
{"_id":686,"sexo":"Female","edad":31,"nombre":"Garrot Manginot"},
{"_id":687,"sexo":"Male","edad":74,"nombre":"Yvon Bosman"},
{"_id":688,"sexo":"Male","edad":61,"nombre":"Gino Macknish"},
{"_id":689,"sexo":"Female","edad":75,"nombre":"Fiona Huscroft"},
{"_id":690,"sexo":"Female","edad":68,"nombre":"Marillin Gligorijevic"},
{"_id":691,"sexo":"Male","edad":35,"nombre":"Abby Godbert"},
{"_id":692,"sexo":"Male","edad":44,"nombre":"Bank Grewcock"},
{"_id":693,"sexo":"Male","edad":21,"nombre":"Mattie Haines"},
{"_id":694,"sexo":"Male","edad":83,"nombre":"Lina Warton"},
{"_id":695,"sexo":"Male","edad":78,"nombre":"Earle Batt"},
{"_id":696,"sexo":"Female","edad":48,"nombre":"Lark Mathonnet"},
{"_id":697,"sexo":"Male","edad":58,"nombre":"Humberto Dabs"},
{"_id":698,"sexo":"Female","edad":97,"nombre":"Dusty Hinge"},
{"_id":699,"sexo":"Male","edad":49,"nombre":"Fedora Housin"},
{"_id":700,"sexo":"Female","edad":93,"nombre":"Sile Brazier"},
{"_id":701,"sexo":"Female","edad":89,"nombre":"Patience Rappport"},
{"_id":702,"sexo":"Male","edad":77,"nombre":"Rafaello Neeson"},
{"_id":703,"sexo":"Female","edad":18,"nombre":"Faunie Mosby"},
{"_id":704,"sexo":"Female","edad":41,"nombre":"Benji Sessions"},
{"_id":705,"sexo":"Female","edad":52,"nombre":"Ruthie Glanton"},
{"_id":706,"sexo":"Female","edad":90,"nombre":"Spenser Gallego"},
{"_id":707,"sexo":"Female","edad":89,"nombre":"Alta Bushrod"},
{"_id":708,"sexo":"Female","edad":59,"nombre":"Claiborne Hurne"},
{"_id":709,"sexo":"Male","edad":47,"nombre":"Orville Janicijevic"},
{"_id":710,"sexo":"Female","edad":23,"nombre":"Emogene Paintain"},
{"_id":711,"sexo":"Male","edad":44,"nombre":"Ario Abatelli"},
{"_id":712,"sexo":"Male","edad":18,"nombre":"Tuck Kynaston"},
{"_id":713,"sexo":"Female","edad":85,"nombre":"Pieter Mottershaw"},
{"_id":714,"sexo":"Female","edad":24,"nombre":"Atlanta Glawsop"},
{"_id":715,"sexo":"Female","edad":54,"nombre":"Tanney De Goey"},
{"_id":716,"sexo":"Female","edad":65,"nombre":"Robert Hellen"},
{"_id":717,"sexo":"Female","edad":99,"nombre":"Gray Ropars"},
{"_id":718,"sexo":"Male","edad":75,"nombre":"Maire Croutear"},
{"_id":719,"sexo":"Female","edad":83,"nombre":"Birgitta Woolf"},
{"_id":720,"sexo":"Female","edad":72,"nombre":"Zane Spybey"},
{"_id":721,"sexo":"Male","edad":55,"nombre":"Loren Bernardot"},
{"_id":722,"sexo":"Male","edad":25,"nombre":"Baudoin Folbige"},
{"_id":723,"sexo":"Male","edad":91,"nombre":"Vernor Moring"},
{"_id":724,"sexo":"Female","edad":46,"nombre":"Sherri Passey"},
{"_id":725,"sexo":"Female","edad":16,"nombre":"Ferdinanda Johnikin"},
{"_id":726,"sexo":"Female","edad":79,"nombre":"Ferdinanda Robertson"},
{"_id":727,"sexo":"Male","edad":77,"nombre":"Sissie Erasmus"},
{"_id":728,"sexo":"Female","edad":75,"nombre":"Miriam Keerl"},
{"_id":729,"sexo":"Female","edad":41,"nombre":"Pall Warburton"},
{"_id":730,"sexo":"Female","edad":64,"nombre":"Madelyn Gaynor"},
{"_id":731,"sexo":"Male","edad":37,"nombre":"Brittne Mussalli"},
{"_id":732,"sexo":"Male","edad":35,"nombre":"Tam Mc Pake"},
{"_id":733,"sexo":"Male","edad":30,"nombre":"Beryl Cowl"},
{"_id":734,"sexo":"Male","edad":40,"nombre":"Evey Kochlin"},
{"_id":735,"sexo":"Male","edad":51,"nombre":"Farris Rivett"},
{"_id":736,"sexo":"Female","edad":71,"nombre":"Andy Pheasant"},
{"_id":737,"sexo":"Female","edad":93,"nombre":"Giselle Thirlwell"},
{"_id":738,"sexo":"Male","edad":63,"nombre":"Kirby Wither"},
{"_id":739,"sexo":"Male","edad":22,"nombre":"Modesta Blant"},
{"_id":740,"sexo":"Female","edad":100,"nombre":"Aurelie Crockatt"},
{"_id":741,"sexo":"Male","edad":66,"nombre":"Analiese Hessel"},
{"_id":742,"sexo":"Female","edad":91,"nombre":"Janaye Mila"},
{"_id":743,"sexo":"Male","edad":51,"nombre":"Odey Mattocks"},
{"_id":744,"sexo":"Female","edad":89,"nombre":"Melony Emberton"},
{"_id":745,"sexo":"Female","edad":55,"nombre":"Saundra Larderot"},
{"_id":746,"sexo":"Female","edad":26,"nombre":"Dorothea Tosney"},
{"_id":747,"sexo":"Male","edad":86,"nombre":"Mandi Airey"},
{"_id":748,"sexo":"Female","edad":29,"nombre":"Karena Atkyns"},
{"_id":749,"sexo":"Male","edad":48,"nombre":"Tanner Macek"},
{"_id":750,"sexo":"Female","edad":91,"nombre":"Steven Menichillo"},
{"_id":751,"sexo":"Male","edad":92,"nombre":"Ricki Gosnay"},
{"_id":752,"sexo":"Male","edad":30,"nombre":"Randi Kilvington"},
{"_id":753,"sexo":"Female","edad":77,"nombre":"One_ida Stoop"},
{"_id":754,"sexo":"Male","edad":18,"nombre":"Madelle Brodest"},
{"_id":755,"sexo":"Male","edad":57,"nombre":"Cherise Garlick"},
{"_id":756,"sexo":"Male","edad":98,"nombre":"Winny Foskew"},
{"_id":757,"sexo":"Female","edad":76,"nombre":"Evaleen Arents"},
{"_id":758,"sexo":"Male","edad":56,"nombre":"Gayle Hewertson"},
{"_id":759,"sexo":"Female","edad":59,"nombre":"Caty Reed"},
{"_id":760,"sexo":"Female","edad":33,"nombre":"Iris Boultwood"},
{"_id":761,"sexo":"Female","edad":50,"nombre":"Tine Darrington"},
{"_id":762,"sexo":"Female","edad":60,"nombre":"Susannah Dufoure"},
{"_id":763,"sexo":"Male","edad":93,"nombre":"Cleon Cristoforo"},
{"_id":764,"sexo":"Female","edad":80,"nombre":"Marsh Kytter"},
{"_id":765,"sexo":"Male","edad":99,"nombre":"Fergus Priestnall"},
{"_id":766,"sexo":"Female","edad":63,"nombre":"Ulla McCoy"},
{"_id":767,"sexo":"Male","edad":72,"nombre":"Lavinia Dow"},
{"_id":768,"sexo":"Female","edad":19,"nombre":"Tessi Ettels"},
{"_id":769,"sexo":"Male","edad":56,"nombre":"Patricia Jachimak"},
{"_id":770,"sexo":"Male","edad":67,"nombre":"Mahala Filipson"},
{"_id":771,"sexo":"Male","edad":75,"nombre":"Ertha McBayne"},
{"_id":772,"sexo":"Male","edad":52,"nombre":"Marylynne Edens"},
{"_id":773,"sexo":"Female","edad":91,"nombre":"Helen-elizabeth Zack"},
{"_id":774,"sexo":"Female","edad":31,"nombre":"Cookie Paffley"},
{"_id":775,"sexo":"Male","edad":91,"nombre":"Tiffie Ramstead"},
{"_id":776,"sexo":"Male","edad":98,"nombre":"Northrop Manuello"},
{"_id":777,"sexo":"Female","edad":42,"nombre":"Leanora Piccard"},
{"_id":778,"sexo":"Male","edad":67,"nombre":"Elle Cowitz"},
{"_id":779,"sexo":"Female","edad":73,"nombre":"Jobie Tropman"},
{"_id":780,"sexo":"Male","edad":48,"nombre":"Adriana Purse"},
{"_id":781,"sexo":"Male","edad":86,"nombre":"Susi Taplin"},
{"_id":782,"sexo":"Male","edad":57,"nombre":"Lucy Thewlis"},
{"_id":783,"sexo":"Female","edad":61,"nombre":"Ramona Alennikov"},
{"_id":784,"sexo":"Male","edad":26,"nombre":"Worth Real"},
{"_id":785,"sexo":"Female","edad":49,"nombre":"Elga Farry"},
{"_id":786,"sexo":"Male","edad":82,"nombre":"Fernandina Scamadine"},
{"_id":787,"sexo":"Male","edad":17,"nombre":"Launce Cosins"},
{"_id":788,"sexo":"Male","edad":76,"nombre":"Chico Halbert"},
{"_id":789,"sexo":"Male","edad":95,"nombre":"Izaak Harrigan"},
{"_id":790,"sexo":"Female","edad":77,"nombre":"Jerry Carrabott"},
{"_id":791,"sexo":"Female","edad":54,"nombre":"Yale Darree"},
{"_id":792,"sexo":"Male","edad":93,"nombre":"Karlotta Woolam"},
{"_id":793,"sexo":"Female","edad":60,"nombre":"Wilmer Whitney"},
{"_id":794,"sexo":"Male","edad":42,"nombre":"Massimo Engledow"},
{"_id":795,"sexo":"Female","edad":16,"nombre":"Nefen Maryet"},
{"_id":796,"sexo":"Male","edad":52,"nombre":"Corina Samweyes"},
{"_id":797,"sexo":"Female","edad":77,"nombre":"Karlen Lawler"},
{"_id":798,"sexo":"Female","edad":68,"nombre":"Lorinda Tingey"},
{"_id":799,"sexo":"Male","edad":88,"nombre":"Andriette Emig"},
{"_id":800,"sexo":"Female","edad":63,"nombre":"Nariko Frandsen"},
{"_id":801,"sexo":"Male","edad":52,"nombre":"Helga Youd"},
{"_id":802,"sexo":"Female","edad":74,"nombre":"Janos McCooke"},
{"_id":803,"sexo":"Female","edad":80,"nombre":"Evelyn Dunkley"},
{"_id":804,"sexo":"Male","edad":73,"nombre":"Amalia Hearle"},
{"_id":805,"sexo":"Female","edad":96,"nombre":"Austine Kaminski"},
{"_id":806,"sexo":"Male","edad":40,"nombre":"Jeanie Millott"},
{"_id":807,"sexo":"Male","edad":47,"nombre":"Br_idget Hablet"},
{"_id":808,"sexo":"Male","edad":80,"nombre":"Nessy Coggin"},
{"_id":809,"sexo":"Male","edad":25,"nombre":"Cynde Gentil"},
{"_id":810,"sexo":"Female","edad":40,"nombre":"Heindrick Dummett"},
{"_id":811,"sexo":"Male","edad":49,"nombre":"Bobbie Munns"},
{"_id":812,"sexo":"Male","edad":47,"nombre":"Germaine Be_iderbeck"},
{"_id":813,"sexo":"Female","edad":64,"nombre":"Sibilla Holbury"},
{"_id":814,"sexo":"Male","edad":51,"nombre":"Jed Nelles"},
{"_id":815,"sexo":"Female","edad":70,"nombre":"Scarlett Veschambre"},
{"_id":816,"sexo":"Male","edad":37,"nombre":"Loretta Biasini"},
{"_id":817,"sexo":"Male","edad":55,"nombre":"Kipper Laxe"},
{"_id":818,"sexo":"Female","edad":42,"nombre":"Mirella Cawson"},
{"_id":819,"sexo":"Male","edad":76,"nombre":"Haroun Lineen"},
{"_id":820,"sexo":"Female","edad":31,"nombre":"Werner Skedgell"},
{"_id":821,"sexo":"Female","edad":36,"nombre":"Ervin Baynton"},
{"_id":822,"sexo":"Male","edad":75,"nombre":"Livia Pasfield"},
{"_id":823,"sexo":"Male","edad":31,"nombre":"Caitlin Don"},
{"_id":824,"sexo":"Female","edad":76,"nombre":"Rea Grisedale"},
{"_id":825,"sexo":"Female","edad":72,"nombre":"Kandace Tuffin"},
{"_id":826,"sexo":"Male","edad":70,"nombre":"Zacherie Waddingham"},
{"_id":827,"sexo":"Male","edad":21,"nombre":"Darryl Erickson"},
{"_id":828,"sexo":"Female","edad":94,"nombre":"Jourdain Sprankling"},
{"_id":829,"sexo":"Female","edad":35,"nombre":"Renado Weatherell"},
{"_id":830,"sexo":"Female","edad":48,"nombre":"Kati Durnan"},
{"_id":831,"sexo":"Female","edad":21,"nombre":"Guthrie Jolliman"},
{"_id":832,"sexo":"Male","edad":19,"nombre":"Chloris Ferier"},
{"_id":833,"sexo":"Female","edad":79,"nombre":"Job MacInnes"},
{"_id":834,"sexo":"Male","edad":99,"nombre":"Tarrance Rupp"},
{"_id":835,"sexo":"Male","edad":25,"nombre":"Montgomery Hedge"},
{"_id":836,"sexo":"Female","edad":73,"nombre":"Kyle Bodemea_id"},
{"_id":837,"sexo":"Female","edad":59,"nombre":"Vilhelmina Donkersley"},
{"_id":838,"sexo":"Male","edad":16,"nombre":"Morie Farrey"},
{"_id":839,"sexo":"Female","edad":87,"nombre":"Troy Stebbings"},
{"_id":840,"sexo":"Female","edad":74,"nombre":"Irina Mohamed"},
{"_id":841,"sexo":"Female","edad":21,"nombre":"Victoria Colbertson"},
{"_id":842,"sexo":"Male","edad":67,"nombre":"Brinn Schutt"},
{"_id":843,"sexo":"Female","edad":76,"nombre":"Debi Adam"},
{"_id":844,"sexo":"Female","edad":63,"nombre":"Eda Zorer"},
{"_id":845,"sexo":"Female","edad":25,"nombre":"Marchelle Scarrisbrick"},
{"_id":846,"sexo":"Female","edad":61,"nombre":"Elfr_ida Seeman"},
{"_id":847,"sexo":"Male","edad":93,"nombre":"Ambur Hof"},
{"_id":848,"sexo":"Male","edad":82,"nombre":"Nikolaos Lardeur"},
{"_id":849,"sexo":"Male","edad":37,"nombre":"Peggie Benedtti"},
{"_id":850,"sexo":"Female","edad":62,"nombre":"Iggy Pimme"},
{"_id":851,"sexo":"Male","edad":15,"nombre":"Breanne T_ideswell"},
{"_id":852,"sexo":"Female","edad":16,"nombre":"Jordanna Fazan"},
{"_id":853,"sexo":"Female","edad":43,"nombre":"Morry Ineson"},
{"_id":854,"sexo":"Female","edad":91,"nombre":"Sibby Wilman"},
{"_id":855,"sexo":"Female","edad":82,"nombre":"Norrie Oosthout de Vree"},
{"_id":856,"sexo":"Female","edad":34,"nombre":"Amalle Skeffington"},
{"_id":857,"sexo":"Female","edad":32,"nombre":"Sophie Rzehorz"},
{"_id":858,"sexo":"Female","edad":50,"nombre":"Codie Guilleton"},
{"_id":859,"sexo":"Male","edad":97,"nombre":"Marcy Bill"},
{"_id":860,"sexo":"Male","edad":28,"nombre":"Fancy Beckitt"},
{"_id":861,"sexo":"Female","edad":36,"nombre":"Alana Stiegers"},
{"_id":862,"sexo":"Female","edad":63,"nombre":"Reeta Tollit"},
{"_id":863,"sexo":"Male","edad":78,"nombre":"Francois Ebbers"},
{"_id":864,"sexo":"Male","edad":65,"nombre":"Hayes Woodnutt"},
{"_id":865,"sexo":"Male","edad":32,"nombre":"Concordia Bavester"},
{"_id":866,"sexo":"Male","edad":74,"nombre":"Hyacinthia Ingarfield"},
{"_id":867,"sexo":"Male","edad":47,"nombre":"Loni Doll"},
{"_id":868,"sexo":"Female","edad":78,"nombre":"Emile Curnucke"},
{"_id":869,"sexo":"Male","edad":22,"nombre":"Rose Dearell"},
{"_id":870,"sexo":"Female","edad":45,"nombre":"Marie Vermer"},
{"_id":871,"sexo":"Male","edad":33,"nombre":"Kym Van Halen"},
{"_id":872,"sexo":"Female","edad":49,"nombre":"Madlen McCullough"},
{"_id":873,"sexo":"Male","edad":20,"nombre":"Nanette Ronayne"},
{"_id":874,"sexo":"Female","edad":15,"nombre":"Rowen Kinnett"},
{"_id":875,"sexo":"Female","edad":41,"nombre":"Violet Easson"},
{"_id":876,"sexo":"Female","edad":88,"nombre":"Amalia Stubbley"},
{"_id":877,"sexo":"Female","edad":77,"nombre":"Joyce Novakovic"},
{"_id":878,"sexo":"Female","edad":72,"nombre":"Toby Kemson"},
{"_id":879,"sexo":"Female","edad":71,"nombre":"Erda MacTrustie"},
{"_id":880,"sexo":"Male","edad":67,"nombre":"Trude Reyner"},
{"_id":881,"sexo":"Female","edad":16,"nombre":"Ferdy Stuehmeyer"},
{"_id":882,"sexo":"Male","edad":73,"nombre":"Bink Le Pruvost"},
{"_id":883,"sexo":"Male","edad":36,"nombre":"Lynnea Chantler"},
{"_id":884,"sexo":"Female","edad":28,"nombre":"Nelle Orrah"},
{"_id":885,"sexo":"Male","edad":97,"nombre":"Hally Gatesman"},
{"_id":886,"sexo":"Male","edad":75,"nombre":"Liza Diment"},
{"_id":887,"sexo":"Female","edad":42,"nombre":"Lombard Zavattero"},
{"_id":888,"sexo":"Female","edad":61,"nombre":"Ash Klimas"},
{"_id":889,"sexo":"Male","edad":28,"nombre":"Emlynn Clougher"},
{"_id":890,"sexo":"Male","edad":88,"nombre":"Elise Crowley"},
{"_id":891,"sexo":"Male","edad":99,"nombre":"Barry O'Cannovane"},
{"_id":892,"sexo":"Female","edad":57,"nombre":"Stavros Ferrie"},
{"_id":893,"sexo":"Female","edad":29,"nombre":"Dorian Duffil"},
{"_id":894,"sexo":"Female","edad":78,"nombre":"Mareah Florez"},
{"_id":895,"sexo":"Male","edad":95,"nombre":"Sawyer Maple"},
{"_id":896,"sexo":"Male","edad":64,"nombre":"George Pendred"},
{"_id":897,"sexo":"Female","edad":80,"nombre":"Cosette Frissell"},
{"_id":898,"sexo":"Male","edad":82,"nombre":"Ralf Rawle"},
{"_id":899,"sexo":"Female","edad":22,"nombre":"Crichton Scedall"},
{"_id":900,"sexo":"Female","edad":87,"nombre":"Dinny Arundel"},
{"_id":901,"sexo":"Male","edad":49,"nombre":"Sheela Willgoss"},
{"_id":902,"sexo":"Female","edad":74,"nombre":"Samuel Hilbourne"},
{"_id":903,"sexo":"Male","edad":23,"nombre":"Sergent Skiggs"},
{"_id":904,"sexo":"Female","edad":83,"nombre":"Woodman Swancott"},
{"_id":905,"sexo":"Female","edad":52,"nombre":"Nicol Alyoshin"},
{"_id":906,"sexo":"Female","edad":69,"nombre":"Jeanelle Alebrooke"},
{"_id":907,"sexo":"Male","edad":46,"nombre":"Benetta Boater"},
{"_id":908,"sexo":"Female","edad":87,"nombre":"Noellyn Aymer"},
{"_id":909,"sexo":"Female","edad":89,"nombre":"Cleve Flear"},
{"_id":910,"sexo":"Female","edad":40,"nombre":"Casar Capeling"},
{"_id":911,"sexo":"Male","edad":35,"nombre":"Whittaker Scoon"},
{"_id":912,"sexo":"Male","edad":40,"nombre":"Valentine Cleaves"},
{"_id":913,"sexo":"Male","edad":21,"nombre":"Ado Parsand"},
{"_id":914,"sexo":"Female","edad":82,"nombre":"Marlo Nekrews"},
{"_id":915,"sexo":"Male","edad":24,"nombre":"Madelin Casley"},
{"_id":916,"sexo":"Male","edad":82,"nombre":"Kerry Castellani"},
{"_id":917,"sexo":"Female","edad":84,"nombre":"Sephira Culcheth"},
{"_id":918,"sexo":"Male","edad":44,"nombre":"Crichton Blaschke"},
{"_id":919,"sexo":"Male","edad":94,"nombre":"Henrietta Wardlow"},
{"_id":920,"sexo":"Female","edad":70,"nombre":"Cam Farnhill"},
{"_id":921,"sexo":"Male","edad":73,"nombre":"Hollie Ranyelld"},
{"_id":922,"sexo":"Female","edad":73,"nombre":"Heall Ayre"},
{"_id":923,"sexo":"Male","edad":29,"nombre":"Brigham Garth"},
{"_id":924,"sexo":"Male","edad":77,"nombre":"Kacie Haylett"},
{"_id":925,"sexo":"Male","edad":33,"nombre":"Mikkel Reaney"},
{"_id":926,"sexo":"Female","edad":17,"nombre":"Sol Humphries"},
{"_id":927,"sexo":"Female","edad":82,"nombre":"Devonna MacGillivray"},
{"_id":928,"sexo":"Male","edad":48,"nombre":"Kira Slograve"},
{"_id":929,"sexo":"Male","edad":81,"nombre":"Helena Melby"},
{"_id":930,"sexo":"Female","edad":17,"nombre":"Eduardo Rosini"},
{"_id":931,"sexo":"Female","edad":57,"nombre":"Giavani Lawley"},
{"_id":932,"sexo":"Male","edad":33,"nombre":"Bar Edmons"},
{"_id":933,"sexo":"Male","edad":51,"nombre":"Ernest Ewers"},
{"_id":934,"sexo":"Male","edad":25,"nombre":"Cyrillus Sofe"},
{"_id":935,"sexo":"Female","edad":43,"nombre":"Theo Tytler"},
{"_id":936,"sexo":"Female","edad":49,"nombre":"Allyn Grundle"},
{"_id":937,"sexo":"Male","edad":92,"nombre":"Karlotta Brooke"},
{"_id":938,"sexo":"Male","edad":76,"nombre":"Calley Caldaro"},
{"_id":939,"sexo":"Male","edad":15,"nombre":"Natassia Handrahan"},
{"_id":940,"sexo":"Female","edad":96,"nombre":"Alejandra Foulcher"},
{"_id":941,"sexo":"Female","edad":19,"nombre":"Shanan Naerup"},
{"_id":942,"sexo":"Female","edad":25,"nombre":"Clevey Rodolfi"},
{"_id":943,"sexo":"Male","edad":22,"nombre":"Gunner Cumberpatch"},
{"_id":944,"sexo":"Female","edad":54,"nombre":"Lisa Howsan"},
{"_id":945,"sexo":"Female","edad":23,"nombre":"Skell Cescotti"},
{"_id":946,"sexo":"Female","edad":60,"nombre":"Mayer Lifton"},
{"_id":947,"sexo":"Female","edad":17,"nombre":"Rowen Dorgan"},
{"_id":948,"sexo":"Female","edad":47,"nombre":"Nananne Pedley"},
{"_id":949,"sexo":"Male","edad":37,"nombre":"Dane Lund"},
{"_id":950,"sexo":"Male","edad":39,"nombre":"Marianna Nise"},
{"_id":951,"sexo":"Female","edad":62,"nombre":"Philip Palffy"},
{"_id":952,"sexo":"Male","edad":36,"nombre":"Rudy Summerlad"},
{"_id":953,"sexo":"Male","edad":17,"nombre":"Guglielmo Holywell"},
{"_id":954,"sexo":"Female","edad":91,"nombre":"Lanny Godfrey"},
{"_id":955,"sexo":"Female","edad":88,"nombre":"Kent MacKintosh"},
{"_id":956,"sexo":"Female","edad":82,"nombre":"Christean Perse"},
{"_id":957,"sexo":"Female","edad":32,"nombre":"Zsa zsa Heintsch"},
{"_id":958,"sexo":"Male","edad":83,"nombre":"Brandais Ewbanche"},
{"_id":959,"sexo":"Male","edad":61,"nombre":"Gabriela Denver"},
{"_id":960,"sexo":"Male","edad":58,"nombre":"Oran Canham"},
{"_id":961,"sexo":"Male","edad":42,"nombre":"Tabina Dmisek"},
{"_id":962,"sexo":"Male","edad":20,"nombre":"Tailor Gotfrey"},
{"_id":963,"sexo":"Male","edad":49,"nombre":"Cooper Hughesdon"},
{"_id":964,"sexo":"Male","edad":15,"nombre":"Ezekiel Seeman"},
{"_id":965,"sexo":"Male","edad":56,"nombre":"Cris Huskisson"},
{"_id":966,"sexo":"Female","edad":98,"nombre":"Esma Dragonette"},
{"_id":967,"sexo":"Female","edad":15,"nombre":"Silvie Feldhammer"},
{"_id":968,"sexo":"Male","edad":56,"nombre":"Rafaellle Kibel"},
{"_id":969,"sexo":"Female","edad":48,"nombre":"Caz Robyns"},
{"_id":970,"sexo":"Male","edad":24,"nombre":"Melinda Evitts"},
{"_id":971,"sexo":"Female","edad":83,"nombre":"Dex Scraggs"},
{"_id":972,"sexo":"Male","edad":55,"nombre":"Alexia Bennough"},
{"_id":973,"sexo":"Male","edad":84,"nombre":"Virgie Roote"},
{"_id":974,"sexo":"Female","edad":50,"nombre":"Donal Riehm"},
{"_id":975,"sexo":"Male","edad":15,"nombre":"Caryn Varley"},
{"_id":976,"sexo":"Female","edad":71,"nombre":"Bartholomeus Broadhurst"},
{"_id":977,"sexo":"Male","edad":46,"nombre":"Analise Rubinovitch"},
{"_id":978,"sexo":"Female","edad":36,"nombre":"Jarrett MacDirm_id"},
{"_id":979,"sexo":"Female","edad":93,"nombre":"Forrest Cane"},
{"_id":980,"sexo":"Female","edad":51,"nombre":"Rogers Gregr"},
{"_id":981,"sexo":"Male","edad":28,"nombre":"Winne Gallagher"},
{"_id":982,"sexo":"Male","edad":70,"nombre":"Zak Manifold"},
{"_id":983,"sexo":"Female","edad":57,"nombre":"Vladamir Stockbr_idge"},
{"_id":984,"sexo":"Female","edad":68,"nombre":"Albina Farny"},
{"_id":985,"sexo":"Male","edad":91,"nombre":"Hyacinth McKinnon"},
{"_id":986,"sexo":"Male","edad":47,"nombre":"Josephine Lippo"},
{"_id":987,"sexo":"Female","edad":52,"nombre":"Trudi Engley"},
{"_id":988,"sexo":"Male","edad":49,"nombre":"Emmi Loch"},
{"_id":989,"sexo":"Male","edad":25,"nombre":"Fabio Rawle"},
{"_id":990,"sexo":"Female","edad":77,"nombre":"Demetra Klauer"},
{"_id":991,"sexo":"Female","edad":49,"nombre":"Donni Ilden"},
{"_id":992,"sexo":"Female","edad":96,"nombre":"Rasia Ghiotto"},
{"_id":993,"sexo":"Female","edad":71,"nombre":"Nerti Fowkes"},
{"_id":994,"sexo":"Male","edad":68,"nombre":"Kaleena Spreadbury"},
{"_id":995,"sexo":"Female","edad":83,"nombre":"De_idre Dowsing"},
{"_id":996,"sexo":"Female","edad":99,"nombre":"Marco Lowfill"},
{"_id":997,"sexo":"Female","edad":52,"nombre":"Bamby Phizaclea"},
{"_id":998,"sexo":"Male","edad":56,"nombre":"Fanni Ohrtmann"},
{"_id":999,"sexo":"Female","edad":44,"nombre":"Nevins Hassen"},
{"_id":1000,"sexo":"Male","edad":18,"nombre":"Regan MacCallion"}]
