{
  "notes": [
    {
      "id": 2,
      "titulo": "otra mas venga\t2",
      "contenido": "vamos a ir probando al crar notas2",
      "color": "NoteColor.Blue",
      "userId": 3
    },
    {
      "id": 2,
      "titulo": "otra mas venga\t2",
      "contenido": "vamos a ir probando al crar notas2",
      "color": "NoteColor.Blue",
      "userId": 2
    },
    {
      "id": 1,
      "titulo": " Primera nota prueba ",
      "contenido": " typicode ",
      "color": "NoteColor.Green",
      "userId": 1
    },
    {
      "id": 2,
      "titulo": "otra mas venga\t2",
      "contenido": "vamos a ir probando al crar notas2",
      "color": "NoteColor.Blue",
      "userId": 3
    },
    {
      "id": 1,
      "titulo": " Primera nota prueba ",
      "contenido": " typicode ",
      "color": "NoteColor.Red",
      "userId": 1
    },
    {
      "id": 2,
      "titulo": "otra mas venga\t2",
      "contenido": "vamos a ir probando al crar notas2",
      "color": "NoteColor.Blue",
      "userId": 2
    },
    {
      "id": 3,
      "titulo": "nueva nota\t eee",
      "contenido": "desde autheee",
      "color": "NoteColor.Blue",
      "userId": 1
    },
    {
      "id": 6,
      "titulo": "subiendo aptualizaciones",
      "contenido": "esto funciona correctamente si",
      "color": "NoteColor.Blue",
      "userId": 1
    },
    {
      "id": 7,
      "titulo": "nueva jota",
      "contenido": "nueva ",
      "color": "NoteColor.Blue",
      "userId": 1
    }
  ],
  "users": [
    {
      "email": "russell@iesvirgendelcarmen.com",
      "password": "$2a$10$DRPyZgvqvSpZwye9061Jvuuwkz6yqN2gNMGpDjtEyc1LWC5mHnGMC",
      "firstname": "russell",
      "lastname": "delgado munoz",
      "id": 1
    },
    {
      "email": "russell2@gmail.com",
      "password": "$2a$10$8Z8dhApzaroZ/0lN3etndu8slFbLnnFtEsKv4jb9giHBshOHfdLCC",
      "firstname": "russell dos",
      "lastname": "delgado dos",
      "id": 2
    },
    {
      "email": "russell@gmail.com",
      "password": "$2a$10$NfDXwtDfoG7acnVMtu7EdeQkVBV83hqpMbwEWZOE6RQSXOXciPzCe",
      "firstname": "russell tres",
      "lastname": "delgado tres",
      "id": 3
    },
    {
      "email": "russellregistro@registro1.com",
      "password": "$2a$10$/9yszoY5cnsmVYXqR6Y/rOWj5B36XQAHIYQnSlkwKtWv4NpXo0rvS",
      "firstname": "jhoel",
      "lastname": "muñoz",
      "id": 4
    },
    {
      "email": "pepe@gmail.com",
      "password": "$2a$10$sCB.onmSvt4c5F9BJMO12./dyp/YKNK6qDuOvpI.Ptecc9iQSFxIC",
      "firstname": "pepe casa\t",
      "lastname": "de la casa",
      "id": 5
    },
    {
      "email": "russell@iesvirgendelcarASDmen.com",
      "password": "$2a$10$.CfkydmeRqrDCdABTeHfUOmDOkr/tvX5tMtyywDvr.CoRTjmvrXse",
      "firstname": "ADSF",
      "lastname": "ASD",
      "id": 6
    }
  ]
}