{

    "piezas": [
        {
            "id": 1,
            "nombre":"russell",
            "rutaImagen":"https://i.pinimg.com/originals/91/46/53/914653638e27f3ee4f731462ba181b84.jpg",
            "descripcion":"pieza de calidad",
            "fechaCreacion":"1900-05-10",
            "idCategoria":1
        },
        {
            "id": 2,
            "nombre":"russell",
            "rutaImagen":"https://i.pinimg.com/originals/91/46/53/914653638e27f3ee4f731462ba181b84.jpg",
            "descripcion":"pieza de calidad",
            "fechaCreacion":"1700-07-10",
            "idCategoria":1
        },
        {
            "id": 3,
            "nombre":"russell",
            "rutaImagen":"https://i.pinimg.com/originals/91/46/53/914653638e27f3ee4f731462ba181b84.jpg",
            "descripcion":"pieza de calidad",
            "fechaCreacion":"2500-10-06",
            "idCategoria":2
        }
    ],
    "categorias":[
        {
            "id":1,
            "nombre":"INFORMATICA",
            "imagenUrl":"https://www.profesionalreview.com/wp-content/uploads/2020/09/ordenador-viejo-usos-07.jpg",
            "piezasDelMuseo":[
                {
                    "id": 1,
                    "nombre":"PRODUCTO DE CALIDAD INTERIOR",
                    "rutaImagen":"https://i.pinimg.com/originals/91/46/53/914653638e27f3ee4f731462ba181b84.jpg",
                    "descripcion":"pieza de calidad y aqui tengo que poner mucho texto para ver que tal y ver si da mucho error o si por el contrario me lo mete todo dentro aunque deberia pasarlo abajo pero bueno ya esta que sea lo que dios quiera",
                    "fechaCreacion":"1900-05-10",
                    "idCategoria":1
                },
                {
                    "id": 2,
                    "nombre":"russell",
                    "rutaImagen":"https://i.pinimg.com/originals/91/46/53/914653638e27f3ee4f731462ba181b84.jpg",
                    "descripcion":"pieza de calidad",
                    "fechaCreacion":"1700-07-10",
                    "idCategoria":1
                },{
                    "id": 2,
                    "nombre":"russell",
                    "rutaImagen":"https://i.pinimg.com/originals/91/46/53/914653638e27f3ee4f731462ba181b84.jpg",
                    "descripcion":"pieza de calidad",
                    "fechaCreacion":"1700-07-10",
                    "idCategoria":1
                },{
                    "id": 2,
                    "nombre":"russell",
                    "rutaImagen":"https://i.pinimg.com/originals/91/46/53/914653638e27f3ee4f731462ba181b84.jpg",
                    "descripcion":"pieza de calidad",
                    "fechaCreacion":"1700-07-10",
                    "idCategoria":1
                },{
                    "id": 2,
                    "nombre":"russell",
                    "rutaImagen":"https://i.pinimg.com/originals/91/46/53/914653638e27f3ee4f731462ba181b84.jpg",
                    "descripcion":"pieza de calidad",
                    "fechaCreacion":"1700-07-10",
                    "idCategoria":1
                },{
                    "id": 2,
                    "nombre":"russell",
                    "rutaImagen":"https://i.pinimg.com/originals/91/46/53/914653638e27f3ee4f731462ba181b84.jpg",
                    "descripcion":"pieza de calidad",
                    "fechaCreacion":"1700-07-10",
                    "idCategoria":1
                },{
                    "id": 2,
                    "nombre":"russell",
                    "rutaImagen":"https://i.pinimg.com/originals/91/46/53/914653638e27f3ee4f731462ba181b84.jpg",
                    "descripcion":"pieza de calidad",
                    "fechaCreacion":"1700-07-10",
                    "idCategoria":1
                }
                
            ]
        },
        {
            "id":2,
            "nombre":"TELECOMUNICACIONES",
            "imagenUrl":"https://www.iceb-edu.com/sites/default/files/styles/large/public/redes_telecomunicaciones_0.jpg",
            "piezasDelMuseo":[
                {
                    "id": 1,
                    "nombre":"russell",
                    "rutaImagen":"https://i.pinimg.com/originals/91/46/53/914653638e27f3ee4f731462ba181b84.jpg",
                    "descripcion":"pieza de calidad",
                    "fechaCreacion":"1900-05-10",
                    "idCategoria":1
                },
                {
                    "id": 2,
                    "nombre":"russell",
                    "rutaImagen":"https://i.pinimg.com/originals/91/46/53/914653638e27f3ee4f731462ba181b84.jpg",
                    "descripcion":"pieza de calidad",
                    "fechaCreacion":"1700-07-10",
                    "idCategoria":1
                }
                
            ]
        },
        {
            "id":3,
            "nombre":"PLACAS BASES",
            "imagenUrl":"http://www.norender.com/wp-content/uploads/asus_z87deluxe-529x265.jpg",
            "piezasDelMuseo":[
                {
                    "id": 1,
                    "nombre":"russell",
                    "rutaImagen":"https://i.pinimg.com/originals/91/46/53/914653638e27f3ee4f731462ba181b84.jpg",
                    "descripcion":"pieza de calidad",
                    "fechaCreacion":"1900-05-10",
                    "idCategoria":1
                },
                {
                    "id": 2,
                    "nombre":"russell",
                    "rutaImagen":"https://i.pinimg.com/originals/91/46/53/914653638e27f3ee4f731462ba181b84.jpg",
                    "descripcion":"pieza de calidad",
                    "fechaCreacion":"1700-07-10",
                    "idCategoria":1
                }
                
            ]
        },
        {
            "id":4,
            "nombre":"CIENCIAS",
            "imagenUrl":"https://jcmadrid.com/cienciaalcole/wp-content/uploads/sites/2/revslider/image-hero1/Ciencia-Al-Cole-4.png",
            "piezasDelMuseo":[
                {
                    "id": 1,
                    "nombre":"russell",
                    "rutaImagen":"https://i.pinimg.com/originals/91/46/53/914653638e27f3ee4f731462ba181b84.jpg",
                    "descripcion":"pieza de calidad",
                    "fechaCreacion":"1900-05-10",
                    "idCategoria":1
                },
                {
                    "id": 2,
                    "nombre":"russell",
                    "rutaImagen":"https://i.pinimg.com/originals/91/46/53/914653638e27f3ee4f731462ba181b84.jpg",
                    "descripcion":"pieza de calidad",
                    "fechaCreacion":"1700-07-10",
                    "idCategoria":1
                }
                
            ]
        },
        {
            "id":5,
            "nombre":"MOVILES",
            "imagenUrl":"https://static1.eldiariomontanes.es/www/pre2017/multimedia/noticias/201606/03/media/cortadas/Nokia-3310--575x323.jpg",
            "piezasDelMuseo":[
                {
                    "id": 1,
                    "nombre":"russell",
                    "rutaImagen":"https://i.pinimg.com/originals/91/46/53/914653638e27f3ee4f731462ba181b84.jpg",
                    "descripcion":"pieza de calidad",
                    "fechaCreacion":"1900-05-10",
                    "idCategoria":1
                },
                {
                    "id": 2,
                    "nombre":"russell",
                    "rutaImagen":"https://i.pinimg.com/originals/91/46/53/914653638e27f3ee4f731462ba181b84.jpg",
                    "descripcion":"pieza de calidad",
                    "fechaCreacion":"1700-07-10",
                    "idCategoria":1
                }
                
            ]
        }
    ],
    "usuarios":[
        {
            "id":1,
            "nombre":"russell",
            "apellido":"delgado",
            "edad":24,
            "email":"russell@gmail.com",
            "password":"russell"
        },
        {
            "id":2,
            "nombre":"juan",
            "apellido":"obregon luque",
            "edad":25,
            "email":"juan@gmail.com",
            "password":"juan"
        },
        {
            "id":3,
            "nombre":"nuria",
            "apellido":"beteta",
            "edad":24,
            "email":"nuria@gmail.com",
            "password":"nuria"
        }
    ]


}